tic,IPO_year
AGN,1993.0
AGM,1993.0
CEL,2007.0
BOCH,2001.0
AGI,2000.0
VTHR,2010.0
SBRA,2010.0
AGD,2006.0
AGC,2007.0
LIFE,2015.0
NYT,1957.0
PCQ,2001.0
CS,2000.0
NYH,2003.0
PAGG,2008.0
AGX,1981.0
CIVB,1999.0
AGU,1993.0
ERIE,1995.0
NRCIA,1997.0
ERIC,1962.0
DWAQ,2003.0
BWP,2005.0
PEZ,2006.0
USNA,1995.0
KYO,1976.0
KYN,2004.0
BNCL,2007.0
AKO.B,1994.0
CRBP,2014.0
ITUB,2001.0
KRG,2004.0
VRTX,1991.0
BWA,1993.0
CHUY,2012.0
SPN,1992.0
BWG,2012.0
SPA,1960.0
SPB,1997.0
VRTS,1992.0
ECYT,2011.0
SPE,1993.0
VRTV,2014.0
ITUS,1985.0
GV,1968.0
GT,1950.0
GS,1999.0
XPL,2006.0
AWRE,1996.0
SAGE,2014.0
CBLI,2006.0
PKE,1961.0
MLNK,1994.0
SATS,2007.0
GG,1983.0
GF,1990.0
GE,1950.0
GD,1954.0
RDWR,1999.0
MEIP,2004.0
GM,1950.0
PMPT,2016.0
HONE,2016.0
MAS,1950.0
SNE,1962.0
MAT,1961.0
BKMU,2000.0
SNA,1968.0
SNN,1999.0
JNY,1991.0
DCP,2005.0
HIVE,2014.0
PKO,2007.0
SNV,1981.0
AMCN,2007.0
MAC,1994.0
ACLS,2000.0
MBSD,2014.0
MAG,2005.0
JNJ,1950.0
PYDS,1998.0
SNX,2003.0
MAN,1988.0
EVH,2015.0
EVI,1980.0
JBSS,1991.0
EVK,2006.0
BEN,1981.0
MGNX,2013.0
EVN,1999.0
CSL,1960.0
EVA,2015.0
GTIM,1990.0
TOPS,2004.0
EVF,2001.0
SCSC,1994.0
BSRR,1998.0
EVOK,2013.0
DSWL,1995.0
EVP,1999.0
ICUI,1992.0
NMY,1993.0
EVT,2004.0
IDCC,1981.0
EVV,2003.0
GHDX,2005.0
VLO,1980.0
MPLX,2012.0
TTS,2012.0
CSJ,2007.0
TDY,1999.0
SPI,2007.0
AGR,2015.0
ROPE,1974.0
TTI,1990.0
CNXN,1998.0
IPWR,2013.0
TTM,2003.0
TTC,1968.0
VLP,2013.0
VYMI,2016.0
TTF,1988.0
TTD,2016.0
PFIE,2011.0
FOGO,2015.0
ZN,2007.0
TPRE,2013.0
GRR,1994.0
CKH,1992.0
WSBC,1987.0
JDD,2004.0
ZF,2005.0
PFIN,1964.0
SSYS,1994.0
VST,2016.0
GMRE,2014.0
GRF,1990.0
USLM,1971.0
CEVA,2000.0
ZX,2011.0
GRC,1971.0
PFIS,2012.0
GRA,1951.0
CSB,2015.0
GARS,2013.0
NAKD,2012.0
SLRC,2010.0
NOM,1994.0
AMRB,1999.0
WPCS,2000.0
FTCS,2006.0
RLGY,2006.0
BIP,2008.0
NOK,1994.0
AVHI,1981.0
GSVC,2011.0
HLT,1950.0
HLS,1986.0
NOA,2006.0
NOC,1950.0
QHC,2016.0
MRAM,2016.0
HLI,2015.0
HLG,2015.0
TJX,1962.0
GSK,1960.0
NOW,2012.0
ATKR,2016.0
APDN,2010.0
CSX,1967.0
OLLI,2015.0
LXFR,2012.0
EPR,1997.0
RLGT,2009.0
RDY,1998.0
VBF,1982.0
SYPR,1994.0
CTS,1961.0
SPXX,2005.0
WEBK,2012.0
SPPI,1996.0
WSC,1968.0
GWGH,2014.0
BWXT,2010.0
CTG,1980.0
LBAI,1999.0
KYE,2005.0
CTB,1950.0
CCBG,1995.0
RAVE,1983.0
ZAGG,2007.0
CTO,1975.0
RFI,1993.0
SPH,1996.0
WHF,2012.0
CSV,1996.0
VSEC,1981.0
ARTW,1971.0
KTOS,1999.0
ARTX,1994.0
EIV,2003.0
INXN,2011.0
LNGR,2016.0
PLW,2007.0
WHR,1956.0
HYI,2010.0
CSR,2005.0
TAST,2006.0
PIO,2007.0
NGLS,2007.0
APVO,2016.0
ATEC,2006.0
FRO,2015.0
ARCX,2013.0
ATEN,2014.0
CVS,1950.0
FMBH,2009.0
GRFS,2009.0
YUMC,2016.0
V,2008.0
EFAS,2016.0
SGEN,2001.0
ERN,2010.0
EIA,2003.0
RLI,1977.0
NTAP,1995.0
EDD,2007.0
ZBRA,1991.0
PID,2005.0
EDI,2012.0
LMT,1950.0
CGNT,1998.0
VRTU,2007.0
EDR,2005.0
CZR,1990.0
SFUN,2010.0
ORM,2013.0
COMT,2014.0
ORI,1980.0
MIME,2015.0
LMB,2014.0
SPG,1993.0
ORC,2013.0
EVEP,2006.0
WST,1970.0
DPW,1996.0
ABAC,2010.0
VBFC,2003.0
PSEC,2005.0
COHN,2006.0
BATRA,2016.0
VXUS,2011.0
CTLT,2014.0
FARM,1963.0
FARO,1997.0
ADUS,2009.0
DPZ,2004.0
REGI,2012.0
SIFI,2004.0
FNJN,2013.0
WTFC,1998.0
FCBC,1999.0
GBLI,2003.0
COHR,1972.0
XPO,2002.0
ABAX,1992.0
RST,2009.0
COHU,1960.0
LE,2014.0
LB,1973.0
LC,2014.0
BLPH,2015.0
ONB,1987.0
EIM,2003.0
IRIX,1996.0
LM,1983.0
EQFN,2014.0
LH,1988.0
PGNX,1997.0
PTSI,1986.0
LW,2016.0
NVCR,2015.0
LTXB,2006.0
MNDO,2000.0
LQ,2014.0
IIM,1993.0
ONS,2016.0
ONP,2007.0
IIN,1962.0
III,2007.0
FORK,2015.0
CNTF,2005.0
BOOT,2014.0
MLR,1994.0
IMMY,2009.0
FORM,2003.0
KEYS,2014.0
KEYW,2010.0
LEDS,2011.0
NVGS,2012.0
FORD,1995.0
ANTM,2001.0
RDHL,2012.0
NVGN,1999.0
HEAR,2014.0
KVHI,1996.0
ERJ,2000.0
NBHC,2012.0
CBZ,1995.0
DMTX,2015.0
VALE,1999.0
EZPW,1991.0
AYTU,2014.0
CALX,2010.0
CFO,2014.0
XENE,2014.0
KERX,2000.0
MRLN,2003.0
GTYH,2016.0
CFG,2014.0
PNR,1972.0
OLBK,2003.0
OGIL,1966.0
PNW,1951.0
CFA,2014.0
PNI,2002.0
CALI,2008.0
PNK,1971.0
BYM,2003.0
PNM,1951.0
CALM,1996.0
SYBT,1993.0
STWD,2009.0
CALA,2014.0
PNC,1960.0
RUTH,2005.0
CFR,1977.0
FIZZ,1991.0
AAAP,2015.0
IUSV,2001.0
TRUP,2014.0
CBOE,2010.0
QTWO,2014.0
JBT,2008.0
ZAYO,2015.0
MSBF,2007.0
GIII,1989.0
TRUE,2014.0
BYD,1993.0
NX,2008.0
PRE,1993.0
RELY,1983.0
SAH,1997.0
PRA,1991.0
SAN,1987.0
SAM,1995.0
QINC,2014.0
PRO,2007.0
XENT,2014.0
PRI,1950.0
ASTE,1986.0
PRK,1990.0
PRU,2001.0
FTA,2007.0
JOB,1968.0
PRQR,2014.0
JOE,1989.0
RXDX,2013.0
RELL,1983.0
BLW,2004.0
SAR,2007.0
HYLS,2013.0
SAP,1996.0
XTLB,2005.0
DZSI,2016.0
AMPE,2010.0
SNY,2002.0
CHA,2002.0
PCOM,2006.0
CHD,1976.0
CHE,1971.0
JAX,1972.0
CHFC,1982.0
CHI,2002.0
AZRX,2016.0
CHK,1993.0
CHL,1997.0
SND,2016.0
ESND,1981.0
MCBC,1998.0
DFRG,2012.0
MRO,1950.0
DAKT,1994.0
CHU,2000.0
MRK,1950.0
CHFS,2012.0
CHY,2003.0
FELE,1965.0
NNBR,1994.0
WPM,2002.0
ESNT,2013.0
SNC,2014.0
FCE.A,1961.0
MUE,2001.0
AMRN,1993.0
SNAK,1996.0
STNG,2010.0
DBL,2012.0
ACGL,1995.0
BWINB,1972.0
PESI,1992.0
MTRN,1957.0
DBD,1950.0
MCFT,2015.0
APU,1995.0
ORAN,1997.0
ORBK,1984.0
ATU,1987.0
APO,2011.0
SUPN,2012.0
APB,1987.0
APC,1986.0
ORBC,2006.0
APA,1960.0
APF,1994.0
MTRX,1990.0
APD,1950.0
HIBB,1996.0
ADNT,2016.0
GBR,1982.0
DXPE,1996.0
HOPE,1996.0
TNAV,2010.0
GST,2011.0
WSCI,1961.0
CJJD,2008.0
DXPS,2013.0
NCOM,2015.0
PKBK,2002.0
TSM,1997.0
PFNX,2014.0
EWBC,1999.0
ABUS,1996.0
SNI,2008.0
TKF,1989.0
XRAY,1987.0
NLS,1999.0
AVGO,2009.0
EDBI,2015.0
HMY,1995.0
PLPM,2008.0
NLY,1997.0
SLQD,2013.0
VG,2006.0
CRESY,1997.0
UCTT,2004.0
DEST,1993.0
HMN,1991.0
OBAS,1999.0
TKR,1950.0
LPLA,2010.0
TCFC,2010.0
VKQ,1991.0
SNR,2014.0
HMG,1972.0
PIRS,2014.0
AVGR,2015.0
HMC,1969.0
AFL,1977.0
HTGM,2015.0
PAYX,1983.0
CSOD,2011.0
SLCT,2004.0
AFI,2016.0
GCI,2015.0
GCH,1992.0
BOBE,1970.0
AFG,1979.0
GCO,1950.0
G,2007.0
GCP,2016.0
W,2014.0
GCV,1995.0
AFT,2011.0
PAYC,2014.0
DLX,1966.0
CTRV,2014.0
SNP,2000.0
BTU,2001.0
BTT,2012.0
NPV,1993.0
SSY,1966.0
LULU,2007.0
PROV,1998.0
VBND,2014.0
AST,2014.0
XCO,1981.0
CBAK,2005.0
BTE,1994.0
SSL,1989.0
MEDP,2016.0
SSN,2008.0
SSI,1996.0
SOHO,2004.0
OVLY,2006.0
TIME,2014.0
LARK,1994.0
SSD,1994.0
BTO,1994.0
BTN,1995.0
BTI,1976.0
CBAY,2014.0
SSC,2007.0
SSB,1997.0
MFNC,2000.0
USEG,1975.0
DYNT,1984.0
CUTR,2004.0
TRHC,2016.0
TACO,2013.0
GPIC,1994.0
EVJ,1999.0
WYY,1996.0
PLG,2004.0
HFWA,1999.0
CRTO,2013.0
VGSH,2009.0
AXAS,1991.0
PGTI,2006.0
CRTN,1999.0
RMR,2016.0
ECF,1986.0
RMP,2014.0
LAND,2013.0
LANC,1969.0
BEL,2000.0
ECA,1961.0
NUO,1991.0
LNT,1958.0
ECL,1958.0
IPHS,2006.0
CSBR,1987.0
HPF,2003.0
ALQA,2011.0
LNN,1988.0
EXPO,1990.0
ARES,2014.0
RMD,1995.0
EMCB,2012.0
FLIR,1993.0
LNG,1996.0
ITGR,2000.0
LNC,1972.0
EXPD,1984.0
IONS,1991.0
ETFC,1996.0
B,1960.0
BBK,2002.0
CRWS,1969.0
CUBI,2012.0
BBH,2011.0
BBG,2004.0
BBF,2001.0
BBD,2000.0
BBC,2014.0
EBF,1960.0
TRIB,1992.0
CIBR,2015.0
YELP,2012.0
IDLB,2015.0
BBY,1985.0
BBX,1980.0
BBW,2004.0
DHT,2005.0
BBU,2016.0
BBT,1982.0
BSQR,1999.0
RELV,1993.0
BBP,2014.0
VMO,1992.0
NUE,1960.0
FRGI,2012.0
IKNX,1997.0
VMI,1968.0
TUP,1996.0
ETP,2000.0
SOCL,2012.0
ASMB,2010.0
VMC,1960.0
ADXS,2008.0
GFED,1998.0
YDIV,2013.0
SPAR,1984.0
LPTH,1996.0
FEMS,2012.0
BLIN,2007.0
JASO,2007.0
MUJ,1998.0
ALCO,1962.0
BLH,2002.0
HCLP,2012.0
CLGX,1980.0
AGRX,2014.0
STMP,1999.0
ANSS,1996.0
FRA,2004.0
NBIX,1996.0
AT,2004.0
AGRO,2011.0
CMS,1951.0
NBIC,1982.0
KRNT,2015.0
STML,2013.0
KRNY,2005.0
NKSH,1999.0
BEP,2001.0
BLCM,2014.0
CLI,1994.0
CYS,2009.0
FYC,2011.0
HMHC,2013.0
JNP,1988.0
NPTN,2011.0
ROKA,2014.0
AQMS,2015.0
GCOR,2000.0
POT,1989.0
CAMP,1983.0
POR,1958.0
POS,1992.0
FTXG,2016.0
PHIIK,1981.0
CBL,1993.0
POL,1993.0
POM,1951.0
CNET,2009.0
FTXD,2016.0
FYT,2011.0
CYD,1994.0
OAKS,2013.0
CYH,1991.0
NCMI,2007.0
CCCR,2013.0
ETW,2005.0
OSTK,2002.0
VCF,1993.0
OMCL,2001.0
SPWH,2014.0
CARV,1994.0
SKIS,2014.0
SMED,2007.0
CWT,1979.0
VCO,1994.0
LENS,2015.0
CWH,2016.0
SPWR,2005.0
MYSZ,2016.0
CLB,1995.0
VCV,1993.0
FWRD,1993.0
MILN,2016.0
SWM,1995.0
CSTE,2012.0
BLE,2003.0
FKU,2012.0
YUM,1997.0
CCCL,2007.0
CFRX,2014.0
TARO,1989.0
ARMK,2013.0
AIRG,2016.0
SNH,1999.0
AIRI,2011.0
TANH,2015.0
WTI,2005.0
PDM,2003.0
GLYC,2014.0
AIRR,2014.0
R,1957.0
AIRT,1982.0
SEED,2004.0
HMST,2012.0
NICE,1996.0
ENTA,2013.0
WPC,1998.0
PAR,1982.0
TTP,2011.0
JCAP,2015.0
PULM,2015.0
SRCE,1982.0
HIFS,1988.0
HIFR,2015.0
AAPL,1980.0
DFBG,2016.0
ENTL,2015.0
DGRS,2013.0
CHEF,2011.0
CSTR,2016.0
PAC,2006.0
BRSS,2013.0
FBHS,2011.0
EROS,2012.0
PAG,1996.0
DGRE,2013.0
PAI,1982.0
LSI,1995.0
TRTN,2016.0
CHEK,2015.0
DCO,1962.0
THRM,1993.0
DCI,1963.0
FUSB,1999.0
AMSF,2005.0
BPMC,2015.0
LKFN,1999.0
CDNS,1987.0
AWR,1979.0
CFNB,1987.0
GSB,2002.0
BPMX,2014.0
LIVE,2000.0
AROC,1997.0
AWK,2008.0
MQT,1992.0
AWI,2006.0
QTEC,2006.0
UAMY,1980.0
LIVN,1993.0
PERY,1993.0
CLS,1998.0
BGCP,1999.0
WEC,1951.0
BLUE,2013.0
MTCH,2015.0
YUME,2013.0
FCAU,1989.0
SIGI,1987.0
OAK,2012.0
GLOB,2014.0
SIGM,1986.0
WEN,1950.0
PXLW,2000.0
WES,2008.0
BONT,1991.0
HMNY,1997.0
CSPI,1982.0
GLOP,2014.0
X,1950.0
VMBS,2009.0
PETS,2001.0
CULP,1983.0
KF,1984.0
UBSH,1993.0
UBSI,1987.0
ANAT,1962.0
PLCE,1997.0
KE,2014.0
OII,1975.0
HMNF,1994.0
LSXMA,2013.0
OIA,1988.0
VLT,1989.0
PTNR,1999.0
NVMI,2000.0
ETY,2006.0
IHC,1982.0
OIS,2001.0
IHG,1990.0
UMBF,1974.0
SSNT,2012.0
AEP,1951.0
AMAG,1986.0
AER,2006.0
AET,1959.0
DMF,1988.0
AEY,1991.0
EGLT,2014.0
GBL,1999.0
CCJ,1991.0
ESGR,2007.0
WSBF,2005.0
KN,2014.0
AMAT,1972.0
GBT,2015.0
MHLD,2008.0
SWKS,1967.0
ISDR,2007.0
AEG,1985.0
LPCN,2013.0
SLCA,2012.0
AEM,1982.0
AEL,2003.0
AEO,1994.0
WBC,2007.0
BSBR,2009.0
FFIN,1993.0
MNGA,2008.0
SABR,2014.0
GPRO,2014.0
OPOF,1999.0
TRXC,2013.0
VTNR,2009.0
ANIP,2013.0
TILE,1983.0
MEET,1999.0
CTXS,1995.0
CTXR,2014.0
MGIC,1991.0
FFBC,1983.0
BUD,2009.0
ENPH,2012.0
XRM,2005.0
PIH,2014.0
C,1986.0
ZG,2011.0
NFEC,2007.0
AGND,2013.0
UMPQ,1998.0
WATT,2014.0
TMQ,2012.0
ALLE,2013.0
FFIV,1999.0
ALGN,2001.0
XRX,1950.0
VAC,2011.0
JMEI,2014.0
MSCC,1981.0
AXSM,2015.0
SSNC,1996.0
HALL,1991.0
HALO,2003.0
BAF,2003.0
FIVE,2012.0
TAHO,2011.0
PSO,1998.0
PSL,2006.0
PSB,1991.0
IMKTA,1987.0
PSA,1981.0
ACNB,2001.0
MOV,1985.0
KURA,2015.0
DXGE,2013.0
HOMB,2006.0
KFRC,1995.0
MOH,2003.0
CRD.B,1968.0
MON,2000.0
INWK,2006.0
MOC,1990.0
ASUR,1992.0
RCON,2009.0
GABC,1993.0
MOD,1962.0
ETR,1951.0
CRVP,1992.0
HRTX,1987.0
BCO,1950.0
FDEU,2015.0
KMB,1950.0
OVAS,2012.0
HNI,1970.0
BCE,1960.0
KMM,1989.0
TRNC,2014.0
ACCO,2005.0
KMI,1958.0
BCC,2013.0
ETB,2005.0
HNP,1994.0
ADES,2003.0
KMT,1950.0
BCX,2011.0
INAP,1999.0
HNW,2007.0
FDEF,1993.0
ETJ,2007.0
PTN,1993.0
BCV,1982.0
TRNS,1979.0
ETN,1950.0
HRTG,2014.0
BCR,1963.0
BCS,1986.0
VRS,2008.0
CPRT,1994.0
MMLP,2002.0
TORM,1988.0
DLTR,1995.0
DI,2014.0
TRCB,2003.0
DLTH,2015.0
BPI,2009.0
VRA,2010.0
RVP,2001.0
USLB,2015.0
RUSHA,1996.0
ISBC,2005.0
HCM,2016.0
WERN,1986.0
AUBN,1996.0
VNQI,2010.0
ZGNX,2010.0
GALT,2002.0
BANX,2013.0
CI,1960.0
CH,1989.0
CO,2009.0
SRG,2015.0
CM,1982.0
SRE,1951.0
CC,2015.0
CB,1993.0
CA,1981.0
SRI,1997.0
YRD,2015.0
CF,2005.0
CE,2005.0
VUZI,2013.0
GALE,2008.0
CY,1986.0
CX,1992.0
SRV,2007.0
SRT,1997.0
SORL,1983.0
CR,1950.0
CP,1960.0
CW,1950.0
MYC,1992.0
TCAP,2007.0
NMT,1993.0
NMR,1999.0
NMS,1993.0
ATUS,1986.0
TDC,2007.0
HUBB,1960.0
BVXV,2015.0
HLX,1997.0
HUBG,1996.0
TDF,1994.0
MYD,1991.0
TKC,2000.0
UEIC,1993.0
SWZ,1987.0
FTAI,2015.0
TRCH,2010.0
TDS,1981.0
QQQX,2007.0
FTAG,2010.0
NMM,2007.0
TDW,1962.0
NMK,1951.0
NMI,1988.0
LOB,2015.0
SYRS,2016.0
IMUC,2007.0
FHN,1963.0
CVX,1950.0
PCTY,2014.0
CVV,1985.0
YLCO,2016.0
CVU,1992.0
CVR,1967.0
SMFG,2002.0
FHB,2016.0
LOR,2005.0
NMRX,1994.0
CVM,1986.0
OCRX,2013.0
LOW,1962.0
CVI,2007.0
CVG,1998.0
OSUR,1986.0
EXPR,2010.0
OSN,2010.0
CVA,1990.0
ETG,2004.0
DPS,2008.0
MFCB,1982.0
ORA,2004.0
TWTR,2013.0
SBGL,2013.0
TUES,1986.0
SBGI,1995.0
EVBN,2001.0
TRVN,2014.0
DQ,2010.0
MODN,2013.0
GRP.U,2003.0
RGSE,2008.0
DWIN,2016.0
VC,2000.0
ATGE,1983.0
HPS,2003.0
KONA,2005.0
HPQ,1958.0
HPP,2010.0
TACT,1996.0
KONE,2010.0
FCA,2011.0
HPT,1995.0
IMI,2011.0
HPJ,2008.0
HPI,2003.0
OHRP,2010.0
APHB,1994.0
IVR,2009.0
HLF,1987.0
Y,1974.0
VZ,1984.0
WMT,1970.0
NOV,1996.0
HPE,2015.0
NTGR,2003.0
ARDC,2012.0
CNDT,2016.0
FCAP,1999.0
NANO,1984.0
FIS,2006.0
RDS.A,2005.0
CSBK,2004.0
RBPAA,1987.0
ARDM,1996.0
IPKW,2014.0
BCEI,2011.0
LAMR,1996.0
RJF,1983.0
EBR,2006.0
EBS,2006.0
ARDX,2014.0
BWL.A,1974.0
NXPI,2010.0
UST,2010.0
CTT,2013.0
AETI,2007.0
WDC,1978.0
FATE,2013.0
AWX,1998.0
DRQ,1997.0
GRBK,2014.0
RTTR,2015.0
LFUS,1992.0
DRI,1995.0
DRH,2005.0
WDR,1998.0
PFL,2004.0
BSMX,2012.0
CONE,2013.0
MTBC,2014.0
SGOC,2010.0
MTGE,2011.0
DRE,1986.0
DRD,1996.0
FDC,1992.0
RVB,1950.0
OCSL,2008.0
HCAP,2013.0
OHI,1992.0
TGC,1998.0
IROQ,2011.0
FYX,2007.0
IOR,1986.0
GBNK,2005.0
BKEP,2007.0
FF,2008.0
UIS,1950.0
BOTZ,2016.0
DGICA,1986.0
RVT,1986.0
TRK,1995.0
PPBI,1998.0
MFG,2006.0
ALLY,2014.0
PBYI,2012.0
NVAX,1995.0
D,1951.0
ALBO,2016.0
RXN,2012.0
CYTX,2003.0
HCOM,2010.0
MSGN,2010.0
HTH,2004.0
CLVS,2011.0
CLFD,1986.0
CYTR,1986.0
ARGS,2014.0
CXP,2013.0
STLD,1996.0
SRPT,1997.0
QQEW,2006.0
CXW,1997.0
BNY,2001.0
PANL,2014.0
LECO,1981.0
SMPL,2016.0
BIS,2010.0
EDU,2006.0
CCNE,1998.0
RAVN,1967.0
CXE,1989.0
STLR,2016.0
CXH,1989.0
AFB,2002.0
VTWV,2010.0
FIT,2015.0
CXO,2007.0
JRVR,2005.0
BPFH,1994.0
FORR,1996.0
CVEO,2014.0
HCSG,1983.0
HR,1993.0
NTRP,2013.0
HP,1960.0
RBCN,2007.0
ELMD,2010.0
HT,1999.0
CTL,1971.0
LND,2011.0
LMNX,2000.0
ETO,2004.0
ARQL,1996.0
HL,1960.0
ENIC,2016.0
ENIA,1993.0
CTIB,1997.0
LORL,1996.0
HD,1981.0
HE,1951.0
SCM,2012.0
SCL,1960.0
NEBK,1963.0
FJP,2011.0
SCI,1969.0
DHI,1992.0
PTI,2016.0
TBBK,2004.0
MNP,1993.0
PTF,2006.0
MNR,1981.0
PTC,1989.0
KLIC,1969.0
JMT,2010.0
JMU,2015.0
MNI,1988.0
MNK,2013.0
SCX,1950.0
PTY,2003.0
JMM,1988.0
LYB,2010.0
INVE,1997.0
ACOR,2006.0
JMF,2011.0
PTR,2000.0
SCS,1998.0
NTRI,2000.0
PBT,1981.0
GOF,2007.0
NEPT,2001.0
JAZZ,2007.0
IBCP,1985.0
KTOV,2015.0
CAPR,2013.0
NP,2004.0
CAPL,2012.0
WHG,2002.0
PBA,1999.0
TDG,2006.0
ADTN,1994.0
FCT,2004.0
MLM,1994.0
PBI,1950.0
PBH,2005.0
AQXP,2014.0
CHDN,1981.0
MATW,1994.0
AMPH,2014.0
MAIN,2007.0
AVX,1973.0
AVY,1961.0
FENC,2001.0
MOXC,2014.0
AVT,1960.0
STLY,1986.0
ENSG,2007.0
AVP,1950.0
MATX,1962.0
OR,2005.0
MPV,1988.0
MCRI,1993.0
SUNS,2011.0
WOOD,2008.0
AIMC,2006.0
UWN,1979.0
TYG,2004.0
AVK,2003.0
AVD,1987.0
BPRN,2016.0
RQI,2002.0
AVA,1952.0
AVB,1994.0
FCVT,2015.0
TLND,2016.0
ESTE,2014.0
AXTI,1998.0
ACAD,2004.0
CGEN,2000.0
SUN,2012.0
AXTA,2014.0
TRVG,2016.0
SUI,1993.0
UBNT,2011.0
SLD,2016.0
PRMW,2010.0
HY,2004.0
BEAT,2008.0
FDTS,2012.0
ADHD,2013.0
GAB,1986.0
PFLT,2011.0
AMRC,2010.0
RACE,2015.0
HDSN,1994.0
TEI,1993.0
ATTU,1992.0
GEMP,2016.0
TEL,2007.0
AVEO,2010.0
TEN,1958.0
OBCI,1981.0
NBR,1968.0
FTFT,2002.0
GGAL,2001.0
TEF,1987.0
RGLD,1982.0
TEX,1965.0
NBH,2003.0
NBO,2003.0
NBN,1987.0
NBL,1972.0
TEP,2013.0
COGT,2009.0
TER,1970.0
RMT,1993.0
NBD,2010.0
CORE,2005.0
GMO,2004.0
ADS,2001.0
ADP,1962.0
DNB,1963.0
GPAC,2015.0
AZRE,2016.0
RGNX,2015.0
DNI,1998.0
CORI,2014.0
ADX,1982.0
RENN,2011.0
CORT,2004.0
GMZ,2013.0
DNP,1987.0
CORR,2007.0
DNR,1994.0
GMS,2016.0
MCK,1961.0
MD,1995.0
ADM,1950.0
SLAB,2000.0
ADI,1969.0
REGN,1991.0
BRY,1987.0
BRX,2013.0
XEL,1951.0
CLAR,2010.0
EIG,2007.0
BRT,1973.0
BRS,1971.0
MWA,2006.0
PTIE,2000.0
NSSC,1982.0
BRO,1984.0
BRN,1960.0
TBPH,2014.0
HI,2008.0
WAYN,1993.0
NWPX,1995.0
DJCO,1986.0
FCO,1992.0
BRC,1984.0
BSAC,2000.0
SSKN,2005.0
SCKT,1995.0
HQY,2014.0
QCP,2016.0
JFR,2005.0
AAOI,2013.0
JUNO,2014.0
KOOL,1987.0
GNMX,2011.0
DEO,1995.0
TWN,1986.0
TWO,2009.0
FGBI,2011.0
HQH,1987.0
GNMA,2012.0
FDUS,2011.0
HQL,1992.0
VICL,1993.0
DISH,1995.0
TWX,1992.0
GNMK,2010.0
EBSB,2008.0
DL,2008.0
QABA,2009.0
AMMA,2016.0
VEEV,2013.0
WIRE,1992.0
SMCI,2007.0
GTXI,2004.0
BDSI,2002.0
CTIC,1997.0
ALSN,2012.0
LNTH,2015.0
WLFC,1996.0
ALSK,1999.0
LJPC,1994.0
TIS,2005.0
LALT,2014.0
EAT,1984.0
ARKR,1985.0
SBS,2002.0
SHOP,2015.0
HOG,1986.0
SHOS,2012.0
IVTY,2015.0
MCY,1988.0
ESP,1960.0
HON,1950.0
PRFZ,2006.0
MLHR,1972.0
HOV,1983.0
ESE,1990.0
GOGL,1997.0
HOS,2004.0
BXMX,2004.0
ESL,1967.0
TROW,1986.0
TROV,2010.0
SHOO,1993.0
FBMS,2004.0
FMN,2003.0
YGE,2007.0
IPXL,1995.0
DSPG,1994.0
IFN,1994.0
PFBC,2003.0
GFF,1967.0
PTH,2006.0
PFBI,1996.0
KELYA,1963.0
EXTR,1999.0
WBAI,2013.0
TOUR,2014.0
CECE,1980.0
SCD,2004.0
VSH,1973.0
SPGI,1950.0
RRTS,2010.0
PFBX,2000.0
SCG,1951.0
CECO,1998.0
FMK,2011.0
RYN,1994.0
NDSN,1979.0
ATH,2016.0
EOG,1989.0
MARPS,1978.0
RYI,1950.0
UBCP,1993.0
VTVT,2015.0
PRSC,2003.0
IDXG,1998.0
PDVW,2015.0
EVHC,1997.0
NWY,2004.0
EOS,2005.0
IDXX,1991.0
QRVO,1997.0
AMG,1997.0
EOT,2009.0
AEHR,1997.0
ICLR,1998.0
ROIC,2007.0
KBWY,2010.0
PACW,2000.0
NCTY,2004.0
AMX,2001.0
ISHG,2009.0
EXA,2012.0
STKL,1981.0
CHFN,2002.0
CVO,1995.0
STKS,2013.0
ARTNA,1995.0
QCLN,2007.0
ZUMZ,2005.0
CCOI,2002.0
NIHD,2002.0
CAVM,2007.0
VAL,1960.0
LHO,1998.0
PYPL,2015.0
FIX,1997.0
SCZ,2008.0
PBBI,2005.0
EXK,2003.0
ONEQ,2003.0
BBL,2002.0
FIG,2007.0
VAR,1959.0
EDF,2010.0
FULT,1985.0
AMS,1984.0
RLH,1998.0
HCI,2008.0
LN,2016.0
AES,1991.0
NURO,2004.0
CELH,2007.0
RP,2010.0
COOL,1999.0
MNE,2003.0
MAV,2004.0
PSTB,2008.0
FSNN,2005.0
VSI,2009.0
PSTG,2015.0
INVA,2004.0
DIAX,2005.0
SPRT,2000.0
BGT,2004.0
PSTI,2006.0
ODFL,1991.0
WILC,1997.0
CMO,1986.0
RFIL,1985.0
EGBN,1999.0
CMI,1950.0
DAIO,1981.0
CMG,2006.0
CMF,2007.0
PCP,1973.0
CMD,1979.0
CMC,1960.0
CMA,1960.0
ASET,2015.0
PCK,2002.0
PCH,1950.0
PCI,2013.0
PCN,2002.0
PCO,2004.0
ENZY,2013.0
PCM,1993.0
CHKE,1991.0
CMU,1987.0
CMT,1988.0
ESIO,1983.0
PCG,1951.0
SREV,2011.0
CMP,2003.0
EVM,2003.0
ORN,2007.0
INGN,2014.0
MAR,1993.0
SGRY,2015.0
VONV,2010.0
PBR,1998.0
SGRP,1996.0
FEIM,1980.0
UVV,1950.0
FLWS,2000.0
SNBC,1999.0
TEUM,2000.0
EMES,2013.0
AGFS,2014.0
LITE,2015.0
BRFS,1999.0
CENTA,1993.0
FSLR,2006.0
NWLI,1982.0
UVE,1992.0
INGR,1997.0
LITB,2013.0
DIOD,1967.0
STRM,1996.0
GRMN,2000.0
SCMP,2007.0
DOOR,1987.0
MRIC,2012.0
DSX,2005.0
MRIN,2013.0
WGL,1951.0
DST,1983.0
DSU,1998.0
DSS,2013.0
TWIN,1966.0
DSM,1989.0
WGP,2012.0
GOGO,2013.0
ORG,2016.0
PEBK,1985.0
EMKR,1997.0
ORPN,2014.0
PEBO,1993.0
YGYI,2011.0
LCA,2016.0
LVNTA,2012.0
MG,2009.0
RWC,1978.0
MA,2006.0
ALOG,1973.0
MC,2014.0
MB,2015.0
INT,1986.0
PGLC,2011.0
MO,1950.0
VSM,2016.0
MH,1968.0
INS,1981.0
MU,1984.0
MT,1997.0
UHT,1986.0
TENX,2001.0
OKE,1951.0
UHS,1981.0
ALOT,1980.0
IGF,2008.0
INF,2011.0
ING,1995.0
MLSS,1995.0
SPLK,2012.0
INB,2007.0
EBIO,2014.0
HWBK,2000.0
GLK,2006.0
FSBC,2014.0
GLO,2006.0
AKS,1994.0
DOC,2013.0
AKP,2002.0
ORIT,2007.0
AMGN,1983.0
STBZ,2009.0
FSBW,2012.0
DOX,1998.0
COST,1993.0
EIGI,2013.0
HURN,2004.0
EBIX,1987.0
HURC,1980.0
GLQ,2005.0
EDUC,1973.0
DOV,1960.0
GLU,2004.0
GLV,2004.0
GLW,1950.0
TIG,2016.0
SCHW,1987.0
LDRI,2014.0
BSX,1992.0
FAM,2004.0
XXII,2011.0
SPLP,2011.0
COWN,2009.0
UHAL,1994.0
BSM,2015.0
MSON,1992.0
XTNT,2010.0
POWL,1977.0
IBA,1997.0
AAON,1991.0
BSE,2003.0
SCHL,1969.0
GIFI,1997.0
BFK,2001.0
LOXO,2014.0
ELLI,2011.0
DDBI,2015.0
TRU,2015.0
AUG,2013.0
F,1957.0
HABT,2014.0
FENG,2011.0
MNOV,2006.0
CBPX,2014.0
NVDA,1999.0
JPC,2003.0
LTRX,2001.0
EVC,2000.0
SLGN,1997.0
PAHC,2014.0
LCM,2005.0
AUY,2003.0
FNFV,2014.0
CVE,2009.0
LTM,1997.0
MPC,2011.0
SBR,1984.0
RVEN,2012.0
AXGN,2011.0
NICK,1996.0
PUI,2005.0
RCMT,1982.0
PUK,1998.0
MMU,1992.0
MMT,1987.0
SUM,2015.0
MPA,1992.0
INUV,2003.0
MMP,2001.0
PUB,2015.0
MMM,1950.0
JCE,2007.0
LYV,2005.0
MMI,2013.0
GNCMA,1988.0
HSNI,2008.0
MPO,2012.0
PSET,2016.0
SBH,2007.0
BUSE,1997.0
MGYR,2006.0
MMC,1962.0
HSON,2003.0
RNDB,2016.0
EACQ,2015.0
LTRPA,2014.0
ITCI,2013.0
VVUS,1994.0
ITCB,2004.0
GPN,2001.0
BAX,1951.0
KOF,1993.0
FMBI,1987.0
XHR,2015.0
ERF,1999.0
BAC,1962.0
BAA,2005.0
IART,1995.0
BRKS,1995.0
BAM,1982.0
RKDA,2015.0
ERI,2014.0
URI,1997.0
DCM,1999.0
OASM,2015.0
VR,2007.0
VPV,1993.0
CAMT,2000.0
PCMI,1995.0
GPRK,2013.0
DATA,2013.0
ISRG,2000.0
CTSO,2008.0
CELP,2014.0
BJRI,1996.0
VPG,2010.0
TPHS,1983.0
SIFY,1999.0
MDCO,2000.0
JSML,2016.0
DEI,2006.0
LL,2007.0
CELG,1987.0
FBNC,1987.0
WETF,1991.0
STE,1992.0
VEDL,2013.0
RXII,2012.0
NEOG,1989.0
STB,2005.0
STC,1972.0
STL,1999.0
STM,1994.0
STN,1994.0
NBRV,2015.0
DSGX,1999.0
STI,1970.0
HAE,1991.0
STT,1963.0
UFAB,2015.0
ESGE,2016.0
RESI,2012.0
RESN,2014.0
MBCN,2005.0
NEOT,2014.0
GJBC,1968.0
WSFS,1986.0
STX,2003.0
PFMT,2012.0
STZ,1973.0
PLBC,2003.0
EDGW,1996.0
NCZ,2004.0
AGCO,1992.0
GENY,2016.0
CERN,1987.0
NCLH,2013.0
NCR,1950.0
NCS,1992.0
NCV,2003.0
THST,2013.0
TCCO,1983.0
EDGE,2015.0
TFX,1961.0
BSL,2010.0
FTGC,2013.0
NCA,1987.0
IEUS,2007.0
RGCO,1984.0
GENC,1979.0
WAIR,2011.0
MPX,2001.0
VFL,1993.0
CHUBA,2016.0
SPTN,2000.0
ECOM,2013.0
ECOL,1984.0
BSPM,2008.0
MICT,2010.0
VFC,1960.0
MICR,1990.0
FNY,2011.0
FNX,2007.0
GPT,2004.0
IGOV,2009.0
FNB,1986.0
PBIO,1996.0
PDEX,1986.0
PBIB,2006.0
FNK,2011.0
TRMK,1982.0
DLHC,1986.0
RT,1966.0
WTR,1969.0
WTS,1986.0
RARE,2014.0
RS,1994.0
IUSG,2001.0
GPP,2015.0
MLVF,2008.0
GERN,1996.0
RY,1982.0
TDIV,2012.0
RF,1971.0
IIF,1994.0
DMRC,2008.0
OVBC,1995.0
RL,1997.0
NWHM,2014.0
ADMS,2014.0
RH,1998.0
WTM,1985.0
DMO,2010.0
UNAM,1979.0
QGEN,1996.0
ZEUS,1994.0
TPC,1964.0
TPB,2016.0
HBNC,1999.0
OBLN,2016.0
TPL,1972.0
HRS,1957.0
HLIT,1995.0
ATAX,1986.0
HRL,1950.0
MFSF,1999.0
HRI,2016.0
TPR,2001.0
VCEL,1997.0
GNK,2005.0
HRG,1960.0
TPZ,2009.0
HRC,1971.0
HRB,1966.0
HNNA,2007.0
UTSI,2000.0
YTRA,2016.0
RHP,1991.0
KAI,1992.0
LAKE,1986.0
CNFR,2015.0
RHI,1971.0
KAR,2009.0
ALRM,2015.0
IVAC,1995.0
LNDC,1996.0
STBA,1992.0
CIG,1999.0
OFLX,2005.0
RHE,2006.0
TAIT,1995.0
ABEV,1997.0
A,2000.0
AEE,1953.0
MAB,2003.0
WF,2003.0
CPRX,2006.0
FCFS,1991.0
WFC,1960.0
SUP,1971.0
PNNT,2007.0
UTF,2004.0
COLL,2015.0
COLM,1998.0
JKI,2006.0
JBLU,2002.0
ABEO,1985.0
NIE,2007.0
BMRA,1979.0
ACY,1998.0
WFT,1979.0
ZYNE,2015.0
UGI,1951.0
JNPR,1999.0
RTN,1950.0
ACST,2011.0
SGMO,2000.0
NES,2007.0
SEIC,1981.0
NTWK,1999.0
SGMS,1984.0
SNSR,2016.0
SNSS,2005.0
ASTC,1995.0
SEMG,2010.0
EDAP,1997.0
VMM,1993.0
BFAM,1997.0
BMCH,1991.0
PLNT,2015.0
CGIX,2013.0
NBLX,2016.0
DISCA,2005.0
ENB,1960.0
RFP,1984.0
EVOL,1998.0
OXY,1960.0
AEIS,1995.0
ENG,1996.0
DS,2002.0
NBY,2007.0
PSDV,2005.0
OXM,1960.0
ENR,2015.0
ENS,2004.0
WYIG,2015.0
OME,1998.0
IBIO,2009.0
ENX,2003.0
ARCO,2011.0
ENZ,1980.0
BKI,2008.0
CZZ,2007.0
CCLP,2011.0
OCFC,1996.0
LPNT,1999.0
CLDC,2016.0
DSL,2013.0
WTW,2001.0
TEO,1994.0
NBB,2010.0
LXRX,2000.0
NVCN,2002.0
ORIG,2011.0
CLDT,2010.0
KWEB,2013.0
ICLN,2008.0
BLBD,2015.0
SMRT,1992.0
OGEN,2003.0
SRRA,2015.0
CLDX,2008.0
ANTH,2010.0
HQCL,2006.0
AGII,1986.0
CVGI,2004.0
AGIO,2013.0
GRIF,1997.0
ISS,2010.0
ATO,1984.0
JMLP,2014.0
SBCP,2014.0
GOV,2009.0
ATI,1963.0
ATV,2007.0
UBFO,1999.0
WSR,2010.0
PLXS,1986.0
ATR,1993.0
SQQQ,2010.0
EVR,2006.0
ISL,1992.0
ELON,1998.0
CBSH,1970.0
MERC,1988.0
CVGW,2002.0
ISD,2013.0
AAME,1992.0
ISIG,1991.0
AXDX,1996.0
PAA,1998.0
XNCR,2013.0
AAMC,2012.0
SASR,1995.0
SIMO,2005.0
PODD,2007.0
HTGC,2005.0
JKS,2010.0
TTEC,1996.0
SEE,1966.0
HBCP,2008.0
SEB,1960.0
PVG,2010.0
TTEK,1991.0
PVH,1950.0
SEM,2009.0
WCN,1998.0
ESDI,2014.0
NHLD,1987.0
TPVG,2014.0
FRC,1986.0
CLM,1987.0
IRMD,2014.0
EMN,1993.0
CLH,1987.0
HASI,2013.0
MRCY,1998.0
FRD,1972.0
CLD,2009.0
IMH,1995.0
CLF,1950.0
PDT,1989.0
PDS,1992.0
RLJ,2011.0
IMO,1950.0
NERV,2014.0
NMIH,2013.0
JAKK,1996.0
SRDX,1998.0
CLX,1968.0
CARO,2013.0
PDI,2012.0
FRT,1972.0
FCNCA,1986.0
HMSY,1992.0
CARA,2014.0
BSFT,2010.0
CLR,1981.0
FMNB,1995.0
INFO,2005.0
INFN,2007.0
MBB,2007.0
EXPE,2000.0
SNMX,2004.0
INFI,2006.0
FDP,1997.0
UUU,1973.0
ENFC,2014.0
SRCI,2009.0
ZEN,2014.0
RATE,1999.0
COBZ,1998.0
ASFI,1995.0
ABIO,2009.0
INFY,1999.0
GLNG,2002.0
SBCF,1984.0
INFU,2006.0
FDT,2011.0
DO,1995.0
SWK,1950.0
DM,2014.0
DJ,1963.0
DK,2006.0
TTWO,1997.0
SWN,1973.0
DF,1996.0
DG,1968.0
DD,1950.0
DE,1950.0
DB,1993.0
BPL,1986.0
MGLN,1971.0
LBTYK,2004.0
SWX,1958.0
EUFN,2010.0
DXLG,1987.0
VYGR,2015.0
BPT,1989.0
DX,1988.0
DY,1984.0
BPY,2013.0
SAEX,2013.0
SYNT,1997.0
FRBA,2011.0
CRIS,2000.0
HTD,2004.0
VLRX,2016.0
TGP,2005.0
BOTJ,2009.0
AGEN,2000.0
TGT,1967.0
HBAN,1971.0
GEOS,1997.0
XELB,2012.0
KDMN,2016.0
KBAL,1976.0
GILD,1992.0
TCBK,1993.0
TGA,1985.0
ATVI,2008.0
AOBC,2000.0
MAGS,1993.0
CALL,2010.0
TGH,2007.0
TGI,1996.0
MYGN,1995.0
AJX,2015.0
GOL,2004.0
INTG,1979.0
DNN,1998.0
CFX,2008.0
INTC,1971.0
DHG,2006.0
LMNR,2007.0
RGLS,2012.0
MLI,1965.0
SUNW,2009.0
FSAM,2014.0
INTU,1993.0
INTT,1997.0
MLP,1969.0
KKR,2010.0
GME,2002.0
DHY,1998.0
DHX,2007.0
BOFI,2005.0
AZPN,1994.0
XCRA,1982.0
DHR,1970.0
BTEC,2016.0
AJG,1984.0
NRK,2003.0
RNST,1992.0
NRO,2004.0
HGSH,2009.0
TYME,2015.0
CALD,2003.0
TTMI,2000.0
SDRL,2009.0
NRG,2000.0
EXAS,2001.0
NRE,2015.0
VICR,1990.0
NRZ,2013.0
INTL,1995.0
SJI,1958.0
PAH,2014.0
LCNB,2001.0
CTEK,2010.0
GTLS,1992.0
PNF,2001.0
PX,1992.0
PRIM,2006.0
NRT,1976.0
WG,1996.0
QAT,2014.0
BBOX,1992.0
PY,2016.0
WB,2014.0
ZSAN,2015.0
WM,1988.0
MSEX,1974.0
WK,2014.0
GSUM,2016.0
ZEAL,2016.0
CCMP,2000.0
HUSA,2003.0
WU,2006.0
EQS,1992.0
WR,1958.0
RENX,1994.0
PRAA,2002.0
IMPV,2011.0
ULBI,1992.0
MANU,2012.0
WY,1950.0
MELI,2007.0
FPRX,2013.0
HSC,1960.0
ARII,2006.0
OMAB,2006.0
CDNA,2014.0
ANW,2006.0
OMAM,2014.0
CNAT,2013.0
IOTS,2015.0
RIO,1990.0
BCBP,2003.0
ENT,2011.0
OHGI,2013.0
HST,1954.0
RIF,2006.0
RIG,1993.0
BXE,2000.0
HSY,1950.0
FNGN,2010.0
RIC,1994.0
GEVO,2011.0
PG,1950.0
CTSH,1998.0
EPIX,2015.0
KNL,1997.0
HAL,1950.0
HCCI,2008.0
FEMB,2014.0
MBWM,1998.0
BNS,1982.0
H,2009.0
KND,1989.0
EQR,1993.0
EQT,1951.0
LEXEA,2016.0
HDNG,1995.0
BNJ,2001.0
TRMB,1990.0
EQM,2012.0
KNX,1994.0
KRMA,2016.0
PSCD,2010.0
EQC,1986.0
HAS,1968.0
LVLT,1997.0
TPIC,2016.0
RBCAA,1998.0
LXU,1969.0
WLKP,2014.0
SYF,2014.0
SPEX,2013.0
LXP,1993.0
SYK,1979.0
MYOK,2015.0
NOMD,2014.0
XEC,2002.0
RSO,2006.0
SYN,2006.0
CEMP,2012.0
ENV,2010.0
VNCE,2013.0
TPIV,2002.0
CEMI,2000.0
SYT,2000.0
IIJI,1999.0
SYY,1970.0
SYX,1995.0
LXK,1995.0
GWRE,2012.0
PMTS,2015.0
KALU,1991.0
EME,1976.0
EMD,2004.0
RGR,1971.0
EMF,1987.0
RGT,2013.0
KALV,2016.0
EMB,2007.0
EML,1960.0
EMO,2011.0
ZNT,1977.0
ZBIO,2016.0
EMJ,2003.0
HELE,1978.0
RGA,1993.0
RGC,2002.0
NTG,2010.0
WTBA,2002.0
EMR,1950.0
NYLD.A,2013.0
CLRB,2011.0
EMX,2009.0
SMSI,1995.0
NAUH,2009.0
NVLN,1986.0
LIND,2015.0
LDF,1992.0
MET,2000.0
PERI,2006.0
IIVI,1987.0
LDL,1973.0
IMNP,2013.0
OLED,1992.0
CLCT,2000.0
FLDM,2011.0
DLB,2005.0
ASPN,2014.0
APTI,2016.0
FBSS,1999.0
ADVM,2014.0
VGM,1992.0
TMUS,2013.0
FOR,2007.0
CLUB,2006.0
EFT,2004.0
NQP,1991.0
ECHO,2009.0
FUND,1988.0
FOF,2006.0
RELX,1994.0
BXMT,1989.0
VGZ,1985.0
DLA,2000.0
PDFS,2001.0
CPIX,2009.0
LFC,2003.0
VGR,1987.0
CLL,2000.0
WWW,1960.0
OPNT,2009.0
GULF,2008.0
FOE,1950.0
WINS,2016.0
ULTI,1998.0
SAL,1999.0
MKTX,2004.0
HZNP,2011.0
WWE,1999.0
WWD,1974.0
QADA,1997.0
HLTH,2007.0
AINC,2014.0
WINA,1993.0
WING,2015.0
COP,1950.0
FSB,2013.0
MBRX,2016.0
NFLX,2002.0
FUNC,1992.0
AGO,2004.0
BZUN,2015.0
BWFG,2012.0
FISI,1999.0
PEP,1950.0
FSM,2007.0
PES,1981.0
KLXI,2014.0
PEN,2015.0
PEO,1982.0
FISV,1986.0
PEI,1972.0
COG,1990.0
COF,1994.0
PED,2012.0
FSZ,2012.0
PEG,1951.0
RSAS,1994.0
COO,1983.0
EHTH,2006.0
EFC,2010.0
MSP,2005.0
GOLD,2002.0
CASC,1987.0
WNEB,2001.0
CASM,1985.0
PZZA,1993.0
OREX,2007.0
CASI,1996.0
CASH,1993.0
ASGN,1992.0
UNIT,2015.0
CASS,1996.0
AMWD,1986.0
SXCP,2013.0
CASY,1983.0
CXRX,2015.0
SVBI,2002.0
ZTO,2016.0
TWI,1993.0
JOF,1990.0
PSXP,2013.0
TOO,2006.0
SYMX,2006.0
CZNC,1999.0
TCRD,2010.0
ABDC,2014.0
UONEK,1999.0
COMM,2013.0
FEYE,2013.0
IAE,2007.0
UNVR,2015.0
WRLD,1991.0
CAAS,2003.0
GROW,1996.0
ZTS,2013.0
ZTR,1988.0
FCEF,2016.0
UFI,1972.0
AOD,2007.0
CGG,1997.0
RUN,2015.0
ALIM,2010.0
KNSL,2016.0
BLMT,2011.0
FCEL,1992.0
WWR,1989.0
NYMT,2004.0
BLMN,2012.0
SGBX,2014.0
RDCM,1997.0
FRST,1995.0
ZOES,2014.0
ETM,1999.0
UFS,2007.0
TYPE,2007.0
DIN,1991.0
JHB,2016.0
MKC,1963.0
JHD,2016.0
GNT,2011.0
INSG,2000.0
JHI,1982.0
INSI,1982.0
UTG,2004.0
MKL,1986.0
MSCI,2007.0
AMED,1994.0
VDSI,1998.0
AIR,1967.0
GNC,2011.0
JHS,1982.0
AIN,1987.0
INST,2015.0
BYFC,1996.0
INSW,2016.0
DIT,1995.0
JHX,2001.0
AIG,1972.0
AIF,2013.0
AIA,2007.0
GNL,2015.0
DIS,1950.0
NSH,2006.0
TVTY,1991.0
NSL,2000.0
NSM,2012.0
GAIA,1999.0
MNST,1990.0
NSA,2015.0
NSC,1959.0
SQBG,2005.0
MRT,2016.0
VHC,1999.0
MTEX,1999.0
NSP,1997.0
LCII,1985.0
NSU,1994.0
SB,2008.0
IX,1998.0
PZE,2009.0
VIPS,2012.0
ALTY,2015.0
VTGN,2011.0
I,2013.0
IP,1950.0
IRR,2006.0
IR,1950.0
IRT,2013.0
IT,1986.0
UTL,1983.0
RFAP,2016.0
CBRL,1981.0
VVPR,2016.0
SEDG,2015.0
IRL,1990.0
CHN,1992.0
IO,1991.0
PVBC,2015.0
UTX,1950.0
FELP,2014.0
LII,1999.0
IF,1990.0
CARZ,2011.0
ACRS,2015.0
RNP,2003.0
ESES,2013.0
HOTR,2009.0
QUOT,2014.0
NFBK,2007.0
BNSO,1989.0
ASYS,1983.0
MAA,1994.0
CHS,1993.0
DXCM,2005.0
ESEA,2006.0
DLNG,2013.0
GDO,2009.0
OPK,1995.0
GGB,1999.0
CDOR,1994.0
BOX,2015.0
HBL,1960.0
TLRA,2013.0
HBI,2007.0
CTRN,2005.0
HBK,2012.0
CTRL,2013.0
WMC,2012.0
NAK,2000.0
FTEK,1993.0
DGSE,1986.0
BABA,2014.0
NAO,2014.0
CTRE,2014.0
EAD,2003.0
BOH,1963.0
NAP,2014.0
MTNB,2014.0
SHLM,1973.0
PARR,1992.0
SHLO,1993.0
PRFT,1999.0
NAZ,1992.0
FSD,2010.0
EPD,1998.0
EPE,2014.0
SHLD,1950.0
WAFD,1988.0
PEGI,2013.0
CENX,1996.0
SXC,2011.0
ABCB,1994.0
JMP,2007.0
SXI,1965.0
CRZO,1997.0
ONTX,2013.0
VVR,1998.0
CGNX,1989.0
LYG,2000.0
SXT,1963.0
ARR,2009.0
VVI,2004.0
MRUS,2016.0
PFPT,2012.0
MRC,2012.0
VVC,1958.0
BWLD,2003.0
UTI,2004.0
MBII,2013.0
PFSW,1999.0
HAFC,1998.0
CRHM,2010.0
SAFM,1987.0
INTX,2004.0
JTPY,2011.0
TTNP,1996.0
PYZ,2006.0
BQH,2002.0
SVA,2003.0
KLDX,2000.0
WLDN,2006.0
CPTA,2013.0
HOFT,2000.0
SVT,1968.0
SVU,1954.0
DWCH,1992.0
PFSI,2013.0
ABB,1997.0
FSP,2005.0
MDSO,2009.0
EDIT,2016.0
AMRK,2014.0
DAVE,1996.0
XPER,2003.0
BOKF,1991.0
FSS,1966.0
GXP,1951.0
AMKR,1998.0
TNET,2014.0
COE,2016.0
TPX,2003.0
NCBS,2013.0
VNRX,2011.0
FLY,2007.0
FINX,2016.0
IPI,2008.0
CPHI,2007.0
FSV,2015.0
SONA,2006.0
ESV,1980.0
BURL,2013.0
FLS,1962.0
FLR,1951.0
FLT,2010.0
DNBF,1999.0
BRKL,1998.0
MN,2011.0
FINL,1992.0
FLO,1969.0
FLN,2011.0
GMLP,2011.0
ESS,1994.0
SFST,2000.0
RTIX,2000.0
AMTX,2011.0
FONR,1981.0
LKQ,2003.0
SODA,2010.0
SHSP,2011.0
BKK,2003.0
AGLE,2016.0
APH,1991.0
COL,2001.0
BRKR,2000.0
SYNC,2012.0
PEB,2009.0
MFGP,2012.0
EFII,1992.0
WVE,2015.0
TRI,1982.0
BDGE,1999.0
TRN,1965.0
TRC,1968.0
APLP,2006.0
ATTO,2014.0
TRX,1992.0
USDP,2014.0
EYEG,2015.0
FCPT,2015.0
TRQ,1996.0
TRP,1960.0
TRS,1989.0
VONG,2010.0
TCON,2015.0
TRT,1984.0
APLE,2015.0
TRV,1996.0
ESG,2016.0
XBIO,2014.0
SAVE,2011.0
HTA,2012.0
GLMD,2014.0
HTM,2005.0
PRPH,1996.0
RTEC,1999.0
BFO,2003.0
LCUT,1991.0
AKG,2005.0
SFL,2004.0
HTBI,2012.0
HTZ,1997.0
SHBI,2001.0
HBHC,1991.0
KSU,1963.0
CRMD,2010.0
SAFT,2002.0
ISRL,1984.0
NXTD,2013.0
ATSG,2003.0
GLBS,2010.0
GLBR,2010.0
GNRC,2010.0
NXTM,2005.0
FN,2010.0
KTWO,2014.0
GNRX,2016.0
AFSI,2006.0
BMTC,1982.0
GNRT,2001.0
LKSD,2016.0
ZBH,2001.0
EVTC,2013.0
NH,2016.0
NI,1951.0
SGMA,1994.0
AJRD,1950.0
NL,1950.0
PPR,1989.0
GFA,2007.0
ODP,1988.0
MYND,2007.0
RRD,1956.0
RRC,1980.0
NE,1985.0
MCRP,1965.0
NG,1999.0
MCRN,2015.0
NGL,2011.0
QUAD,2010.0
TECH,1989.0
VIAB,2006.0
TECK,1963.0
TECD,1986.0
DMLP,1983.0
NR,1960.0
ODC,1978.0
MCRB,2015.0
RRR,2016.0
ANDX,2011.0
QVCA,2006.0
KMDA,2013.0
IBN,1999.0
FPAY,2013.0
BCOM,2007.0
SHPG,1998.0
ELF,2016.0
BREW,1995.0
WCG,2004.0
BRG,2014.0
BCOV,2012.0
ELY,1992.0
LGND,1992.0
RDC,1968.0
PENN,1994.0
ELS,1993.0
ELP,1997.0
RDN,1992.0
RDI,1994.0
NTIC,1992.0
ICON,1990.0
LEA,1994.0
FBP,1987.0
SMLP,2012.0
LEE,1969.0
FRME,1989.0
LEG,1969.0
SRTS,2016.0
FBZ,2011.0
BIDU,2005.0
OZM,2007.0
LEN,1971.0
LEO,1987.0
CLBS,1981.0
AXS,2003.0
LEU,1999.0
IPAR,1988.0
IPAS,2003.0
FBK,2016.0
NLNK,2011.0
FSI,2001.0
HDB,2001.0
USG,1950.0
FNBG,2010.0
HEWG,2014.0
CBD,1996.0
USB,1963.0
USA,1986.0
AZO,1991.0
XNY,2010.0
USM,1988.0
SGQI,2016.0
TUR,2008.0
DFIN,2016.0
AZZ,1975.0
WAL,2005.0
IQI,1992.0
MXIM,1988.0
QYLD,2014.0
SMTX,2000.0
LDOS,2006.0
VISI,1975.0
GASS,2005.0
PCAR,1970.0
SGY,1993.0
DPG,2011.0
BNTC,2014.0
AOSL,2010.0
PXS,2015.0
EIGR,2016.0
FLGT,2016.0
SGU,1995.0
TTGT,2007.0
MPWR,2004.0
SAUC,2008.0
PXI,2006.0
JONE,2013.0
BIOA,2013.0
SGA,1993.0
SCYX,2014.0
SGC,1969.0
ACSF,2014.0
LPSN,2000.0
ATAI,2008.0
PXD,1987.0
PBSK,2011.0
FPF,2013.0
STFC,1991.0
JXSB,1995.0
CNP,1951.0
CNQ,1982.0
ICB,1982.0
CWST,1997.0
FPI,2014.0
CNX,1999.0
ICD,2014.0
FPT,2003.0
BMA,2006.0
FPP,1998.0
AHPA,2016.0
CNA,1972.0
CNO,1985.0
SMTS,2012.0
IRCP,2001.0
CNK,2007.0
AHPI,1992.0
CNI,1995.0
PLAY,1995.0
IEI,2007.0
CATB,2015.0
CATC,2010.0
PFE,1950.0
PFD,1991.0
LXFT,2013.0
PFF,2007.0
CATH,2016.0
MRTN,1986.0
PFM,2005.0
DXR,1981.0
PFO,1992.0
CATO,1973.0
LAYN,1992.0
PFS,2003.0
CATS,2002.0
INDB,1986.0
AIV,1994.0
CATY,1990.0
AMTD,1997.0
HIIQ,2013.0
DXC,1964.0
MRTX,2004.0
NMZ,2004.0
SIR,2012.0
HWCC,2006.0
TITN,2007.0
JBHT,1983.0
LSTR,1993.0
POPE,1986.0
CLW,2008.0
SIX,1979.0
JWT,1969.0
CIVI,2014.0
SIG,1988.0
SIF,1964.0
JWN,1971.0
SID,1997.0
CPL,2004.0
ESPR,2013.0
KBR,2006.0
BLDP,1993.0
SIM,1993.0
ACET,1963.0
TAT,2005.0
RETA,2016.0
WAT,1995.0
TAP,1975.0
VSAT,1996.0
OIIM,2000.0
BMS,1960.0
AVAV,2007.0
GCBC,1999.0
TAX,2012.0
NLC,2004.0
LQDT,2006.0
GRX,2008.0
RSYS,1995.0
AVAL,2014.0
TGTX,1995.0
LMRK,2014.0
BOJA,2015.0
TAC,1982.0
TAL,2010.0
LLEX,2010.0
IEF,2002.0
MOG.A,1960.0
LGI,2004.0
CSIQ,2006.0
NYMX,1995.0
GIS,1950.0
ONVO,2012.0
UFPT,1993.0
MBOT,2016.0
EXLS,2006.0
LGF.A,1997.0
FLXN,2014.0
PLOW,2010.0
LKOR,2015.0
FLXS,1970.0
LION,1994.0
CCRC,2015.0
CMFN,2014.0
GIB,1993.0
FANH,2007.0
CSII,2009.0
CHRS,2014.0
GIM,1988.0
GIL,1998.0
VBTX,2014.0
AHC,2008.0
NPO,2002.0
HSKA,1997.0
PBIP,2005.0
NPK,1960.0
RPRX,1993.0
AHH,2013.0
AHL,2003.0
MNRO,1991.0
PTEN,1993.0
AHP,2013.0
RICK,1995.0
AHT,2003.0
ITRN,2005.0
BCOR,1998.0
WLL,2003.0
RICE,2014.0
XYL,2011.0
TSN,1963.0
EMCI,1982.0
VUSE,2014.0
DWLV,2016.0
TSI,1987.0
FTXR,2016.0
HBMD,2010.0
TSE,2014.0
EMCG,2013.0
TSC,2013.0
GWPH,2011.0
WNS,2006.0
FTXH,2016.0
QQQC,2010.0
FTXN,2016.0
FTXO,2016.0
FTXL,2016.0
GUT,1999.0
AFH,2013.0
TST,1999.0
PLX,1998.0
TSS,1983.0
CRT,1992.0
TSQ,2000.0
FMSA,2014.0
APOG,1973.0
KBH,1986.0
PGRE,2014.0
NRP,2002.0
AROW,1982.0
ECON,2010.0
HUM,1993.0
HUN,2005.0
CARB,2011.0
EE,1951.0
PLD,1994.0
RNET,2010.0
PFI,2006.0
APOP,2016.0
SHY,2002.0
TGNA,1967.0
SHAK,2015.0
IOVA,2009.0
PEY,2006.0
NFG,1958.0
HCP,1986.0
DLH,1965.0
OOMA,2015.0
BLX,1992.0
HEES,2006.0
IGLD,1999.0
K,1950.0
BCRX,1994.0
NSEC,1982.0
MSTR,1998.0
TRCO,1983.0
BLL,1972.0
HCA,1990.0
ORLY,1993.0
BLK,1999.0
BLJ,2002.0
FFIC,1995.0
BLD,2015.0
BCRH,2013.0
HCN,1979.0
PLM,2003.0
NFX,1993.0
WAGE,2012.0
BPK,2002.0
CTHR,1997.0
SAIC,2013.0
RWT,1995.0
SAIA,2002.0
DLR,2004.0
PRGO,1991.0
PSCF,2010.0
VWR,2014.0
PRLB,2012.0
LLNW,2007.0
PRGS,1991.0
SNCR,2006.0
LZB,1972.0
PRGX,1996.0
NTNX,2016.0
REX,1984.0
EVLV,1991.0
RES,1984.0
BOSC,1996.0
REV,1996.0
BOLD,2016.0
ALDR,2014.0
AINV,2004.0
FNSR,1999.0
CIDM,2003.0
IDTI,1984.0
JTD,2007.0
ABTX,2015.0
REG,1993.0
PBNC,2015.0
GNW,2004.0
PRTS,2007.0
UBOH,1999.0
BGNE,2016.0
EMIF,2009.0
FCX,1988.0
AIZ,2004.0
MESO,2011.0
RDUS,2014.0
SMMF,2003.0
FCB,2014.0
FCF,1992.0
AIT,1960.0
SDPI,2014.0
GORO,2007.0
CCM,2009.0
FICO,1987.0
FCN,1996.0
OUT,2014.0
LTS,1999.0
CHH,1997.0
VET,1994.0
CNCE,2014.0
VER,2011.0
FMX,1997.0
FMY,2005.0
FFWM,2014.0
SMCP,2015.0
YIN,2016.0
FMS,1996.0
INSM,2000.0
LTC,1992.0
FMO,2005.0
FOMX,2014.0
PTX,2010.0
CLSD,2016.0
VEC,2014.0
SVVC,2011.0
FMI,2013.0
FMF,2013.0
AAT,2011.0
FMB,2014.0
FMC,1950.0
CLSN,1985.0
TSCO,1994.0
TRGP,2010.0
TXMD,2009.0
FGEN,2014.0
QQXT,2007.0
MNTX,2005.0
SR,1951.0
SQ,2015.0
SP,2004.0
ISR,1985.0
CTMX,2015.0
SU,1993.0
PBFX,2014.0
UNFI,1996.0
GNCA,2014.0
SO,1951.0
SN,2011.0
SM,1992.0
BKYI,1997.0
SC,2014.0
QTRH,1998.0
SA,2002.0
SERV,2014.0
QNST,2010.0
SF,1983.0
ORMP,2010.0
SD,2007.0
OACQ,2014.0
OXBR,2014.0
AGZD,2013.0
IBM,1950.0
QRHC,2012.0
PFN,2005.0
CAR,1983.0
IBB,2001.0
YRCW,1961.0
CAW,1985.0
VCIT,2009.0
CAT,1950.0
ACTA,1999.0
CAJ,1974.0
CAI,2007.0
CAH,1983.0
PBPB,2013.0
CAL,1950.0
IBP,2014.0
WRB,1987.0
CAA,1969.0
VIAV,1993.0
CAG,1962.0
CAF,2007.0
CAE,1960.0
INCR,2014.0
FLKS,2015.0
OCSI,2013.0
CZWI,2004.0
INCY,1993.0
BLRX,2011.0
PGJ,2006.0
BTG,2007.0
PGH,1989.0
PTCT,2013.0
WRN,2006.0
DYN,1993.0
PGR,1979.0
CUDA,2013.0
PGP,2005.0
ASIX,2016.0
CTRP,2003.0
BTA,2006.0
HIHO,1996.0
CART,2004.0
PGZ,2013.0
HZO,1998.0
GPOR,1998.0
KBWB,2011.0
FLEX,1994.0
AKRX,1988.0
ZION,1974.0
MGU,2005.0
PACB,2010.0
UNTY,1999.0
APRI,1998.0
MMSI,1990.0
RAIL,2005.0
CWBC,1998.0
WCC,1999.0
GRID,2009.0
CACC,1992.0
DWPP,2012.0
ZIOP,2005.0
GNUS,2010.0
CACI,1979.0
GLAD,2001.0
SCHN,1993.0
UDR,1980.0
TWMC,1986.0
ALKS,1991.0
CRED,2007.0
RSG,1998.0
OGS,2014.0
CREE,1993.0
FLL,1993.0
LMAT,2006.0
OGE,1951.0
BLKB,2004.0
CDZI,1985.0
CREG,2008.0
WSTG,1995.0
MIK,1984.0
PPH,2011.0
NUVA,2004.0
DKS,2002.0
GRUB,2014.0
MIN,1988.0
WSTL,1995.0
ZNH,1997.0
FSFG,2008.0
GHY,2013.0
RCII,1995.0
MIY,1992.0
CLWT,1997.0
LINK,1993.0
TTOO,2014.0
GHB,1950.0
GHC,1971.0
GHL,2004.0
GHM,1970.0
DKL,2012.0
PPL,1951.0
LINC,2005.0
MIW,2003.0
PLUG,1999.0
VIDI,2013.0
FII,1998.0
LUV,1971.0
CBFV,2012.0
AON,1961.0
LONE,2014.0
RIBT,2004.0
AOI,1972.0
PBHC,1999.0
CTBI,1987.0
SOR,1996.0
AOS,1960.0
MEOH,1982.0
NGVC,2012.0
CVRS,2014.0
CVRR,2013.0
PCRX,2011.0
LLIT,2010.0
HUBS,2014.0
DFFN,2016.0
URG,2005.0
AYI,2002.0
URBN,1993.0
SRLP,2013.0
VIRT,2015.0
ZDGE,2016.0
REN,2009.0
L,1960.0
REXX,2007.0
MAYS,1951.0
ZFGN,2014.0
KPTI,2013.0
VIRC,1964.0
AYR,2006.0
SCVL,1993.0
ENLK,2002.0
MTSI,2012.0
SFZ,1961.0
IPG,1971.0
FOLD,2007.0
ESGU,2016.0
NLSN,2001.0
ENLC,2014.0
LOAN,1999.0
SFR,2016.0
SFS,2014.0
HTBX,2013.0
UFCS,1982.0
LAD,1996.0
CBI,1997.0
SFM,2013.0
PYN,2003.0
GDDY,2015.0
ESGD,2016.0
ESGG,2016.0
SFE,1965.0
HTBK,1999.0
ACTG,1995.0
XLO,1950.0
KST,1994.0
NGG,1998.0
HDS,2013.0
KSS,1992.0
HDP,2014.0
EVO,1999.0
RILY,2007.0
VCRA,2012.0
NFJ,2005.0
ISNS,1995.0
NGS,2002.0
KSM,1989.0
PANW,2012.0
OPGN,2015.0
KORS,2011.0
PDP,2007.0
VSTM,2012.0
GATX,1950.0
DXYN,1974.0
ACC,2004.0
BME,2005.0
ADAP,2015.0
SZC,2012.0
BMI,1971.0
BMO,1982.0
CKPT,2016.0
ONVI,2000.0
PPHM,1987.0
EQBK,2015.0
DENN,1989.0
LNCE,1963.0
IIIN,1985.0
QQQ,2000.0
BMY,1950.0
MTP,2015.0
NWFL,1998.0
EL,1995.0
IRS,1994.0
CONN,2003.0
SHV,2007.0
SHW,1950.0
SHX,1972.0
ED,1951.0
GPRE,2008.0
ENBL,2014.0
EA,1989.0
TSBK,1998.0
EC,2008.0
AERI,2013.0
WD,2010.0
ACFC,2004.0
NAD,1999.0
SHG,2002.0
CRK,1987.0
SHI,1993.0
CYRN,1999.0
EV,1974.0
JTA,2004.0
EP,1973.0
ES,1951.0
SHO,1995.0
MGA,1967.0
BTX,1992.0
MGF,1987.0
NHTC,1995.0
AMID,2011.0
MGI,1950.0
BBGI,2000.0
MGM,1988.0
TBI,1995.0
TBK,2014.0
MGP,2016.0
CFBK,1998.0
FFA,2005.0
TXRH,2004.0
ONCS,2010.0
MTN,1997.0
GZT,2011.0
IFON,2004.0
SUPV,2016.0
IRM,1996.0
FEUZ,2014.0
ADSW,2016.0
OTEL,2004.0
MLAB,1984.0
SMMT,2015.0
SPHS,2005.0
POOL,1995.0
ESLT,1996.0
LUB,1973.0
ENZL,2010.0
ASPS,2009.0
OTEX,1996.0
BBRG,2010.0
CLRK,2004.0
HMTA,2014.0
MRVL,2000.0
LUK,1950.0
CLRO,1989.0
ADSK,1985.0
BTZ,2006.0
DWAT,2014.0
LBRDK,2014.0
NPN,2009.0
WPX,2011.0
QTS,2013.0
WPZ,2005.0
DWAS,2012.0
AIMT,2015.0
ZNGA,2011.0
APPS,1982.0
LBIX,1992.0
BITA,2010.0
MTG,1991.0
EFOI,1994.0
MDIV,2012.0
DWAC,2016.0
ABCO,2001.0
APPF,2015.0
QTM,1983.0
UAN,2011.0
CME,2002.0
GNBC,2014.0
ECR,2014.0
AVNW,2007.0
FAF,2010.0
MDGL,2016.0
OXFD,2013.0
GTE,2005.0
USFD,2016.0
RCKY,1993.0
CHKP,1996.0
BFIT,2016.0
VTL,2014.0
GTN,1968.0
DTF,1991.0
UUUU,2005.0
BFIN,2005.0
VTR,1998.0
GTT,2007.0
TLF,1993.0
ERH,2005.0
TLK,1995.0
GTY,1973.0
TLI,1999.0
NNA,2008.0
MDGS,2015.0
XT,2015.0
KEN,2015.0
KEM,1992.0
WPG,2014.0
WIW,2004.0
KEG,1980.0
TCO,1992.0
GLOG,2012.0
ITIC,1986.0
RYAM,2014.0
HSBC,1998.0
ARNC,2016.0
VKTX,2015.0
ARNA,2000.0
HMTV,2013.0
BHLB,2000.0
YERR,2015.0
KEY,1963.0
KEX,1976.0
LTEA,2015.0
ONCE,2015.0
HVT,1977.0
KEP,1994.0
CWCO,1995.0
TSLF,2013.0
WBT,2016.0
MOBL,2014.0
WBS,1986.0
TSLA,2010.0
BETR,2015.0
GLP,2005.0
LOV,2003.0
DWSN,1981.0
SINO,2008.0
GNTX,1981.0
DGII,1989.0
ABIL,2015.0
WBA,1950.0
IESC,1998.0
MRDN,2014.0
NXRT,2015.0
WBK,1989.0
TSLX,2014.0
AMRS,2010.0
TFSL,2007.0
RPT,1988.0
PNBK,1994.0
TEAR,2004.0
PCF,1987.0
TLT,2002.0
UVSP,1999.0
NYV,2009.0
CNBKA,1987.0
ARRS,1993.0
RPD,2015.0
TEAM,2016.0
ALJJ,1996.0
RPM,1971.0
BIOS,1996.0
ARRY,2001.0
LFGR,2011.0
AKAO,2014.0
VRIG,2016.0
AKAM,1999.0
GDEN,1999.0
VERU,1990.0
TGLS,2012.0
CIR,2000.0
GLRE,2007.0
ACRE,2012.0
M,1950.0
XOMA,1986.0
HXL,1961.0
SNBR,1998.0
ALXN,1996.0
MNKD,2004.0
ICAD,1985.0
RBC,1971.0
AEMD,1999.0
RBA,1998.0
SNMP,2006.0
IPCC,2003.0
TESO,1993.0
UBNK,2005.0
LGL,1960.0
RSPP,2014.0
TGB,1992.0
IPCI,2009.0
LGIH,2013.0
PBCT,1988.0
AMSWA,1983.0
PM,2008.0
NKTR,1994.0
FIBK,2010.0
RLJE,2011.0
IFGL,2007.0
IMMR,1999.0
IMMU,1985.0
ROLL,2005.0
TESS,1994.0
AXR,1961.0
HBM,2000.0
AXP,1965.0
UQM,1992.0
SHLX,2014.0
CTWS,1977.0
JP,2015.0
BPTH,2010.0
FNLC,1999.0
JM,1950.0
BG,2001.0
CNSL,2005.0
AXE,1969.0
JD,2014.0
JE,2001.0
DCOM,1996.0
SHIP,2007.0
PVAC,1963.0
CPSI,2002.0
KCAP,2006.0
ENSV,2011.0
CNHI,2013.0
UTMD,1982.0
TLRD,1992.0
DVAX,2004.0
EW,2000.0
RRGB,2002.0
TRIP,2011.0
DVCR,1994.0
PZN,2007.0
NMFC,2011.0
SCWX,2016.0
HK,2006.0
SBPH,2016.0
AUPH,1999.0
FMAO,2010.0
SBFG,1995.0
PZC,2003.0
PCLN,1999.0
AMCX,2011.0
OFC,1991.0
CLNE,2007.0
OFG,1990.0
NOVN,2016.0
BNDX,2013.0
FITB,1980.0
IAG,1998.0
IAF,1985.0
FVC,2016.0
IAC,1993.0
OFS,2012.0
CLNT,2007.0
STDY,2015.0
XBIT,2015.0
NBW,2003.0
RDNT,1991.0
HAWK,2013.0
VONE,2010.0
VALU,1983.0
PHK,2003.0
TIVO,1997.0
PHI,1960.0
PHH,1963.0
PHO,2005.0
PHM,1969.0
ZIXI,1989.0
GMED,2012.0
PHG,1973.0
SSNI,2013.0
PHD,2005.0
CHNR,1995.0
MZF,2004.0
PHX,1992.0
FNV,2007.0
MZA,1994.0
TUSK,2016.0
INBK,2010.0
NAV,1950.0
BRCD,1999.0
PHT,2002.0
SKT,1993.0
ESRT,2013.0
KED,2006.0
CRMT,1987.0
MQY,1992.0
FBNK,2011.0
PRTY,2015.0
SKY,1961.0
NBTB,1992.0
ESRX,1992.0
DNKN,2011.0
CIGI,1994.0
OSIS,1997.0
IGT,2013.0
BSD,1999.0
KLAC,1980.0
PMBC,1999.0
TRST,1983.0
SXE,2012.0
MGPI,1988.0
IGR,2004.0
GES,1996.0
MFA,1988.0
MFC,1999.0
MFD,2004.0
TCX,1996.0
IXYS,1998.0
EAGL,2015.0
NWSA,2013.0
AMNB,1998.0
NATI,1995.0
MFL,1997.0
MFM,1986.0
TCP,1999.0
HBP,1981.0
GEC,1999.0
SNPS,1992.0
HNRG,1989.0
MFT,1992.0
GEF,1978.0
MFV,1989.0
TCI,1985.0
HWKN,1978.0
GEO,1994.0
WGO,1968.0
GEL,1996.0
JGH,2014.0
MHO,1986.0
RWLK,2014.0
CSFL,2001.0
MHK,1992.0
MHH,2008.0
QTNT,2014.0
MHF,1988.0
DDR,1993.0
MHD,1997.0
BBVA,1988.0
CSGS,1996.0
KAMN,1960.0
COTY,2013.0
CLLS,2015.0
INPX,2012.0
HEQ,2011.0
XL,1991.0
IBKR,2007.0
VMW,2007.0
DDF,1993.0
EBTC,2005.0
DDD,1988.0
PAAS,1994.0
ANF,1996.0
NOVT,1995.0
NVS,1996.0
NVR,1986.0
UCBA,2006.0
MELR,2014.0
ASX,1998.0
RSLS,2007.0
ANH,1998.0
FLAG,2013.0
UCBI,2002.0
NVG,2002.0
RNWK,1997.0
CBIO,2015.0
CDEV,2016.0
SOL,2008.0
VVV,2016.0
NVO,1981.0
IGC,2006.0
OPHC,2003.0
LMBS,2014.0
ANY,2012.0
CCA,1999.0
VIGI,2016.0
TMP,1982.0
SRVA,2003.0
IGA,2005.0
GWB,2014.0
VNOM,2014.0
FORTY,1997.0
CFCO,2016.0
VGIT,2009.0
ATLO,2001.0
GWW,1967.0
TMC,1950.0
REXR,2013.0
GWR,1996.0
WYNN,2002.0
TMK,1959.0
WEYS,1960.0
FTK,2003.0
TMO,1968.0
APAM,2013.0
OHAI,2004.0
DCIX,2011.0
COTV,2016.0
PSAU,2008.0
OMED,2013.0
NJR,1958.0
FDIV,2014.0
RIGL,2000.0
NSIT,1995.0
CAC,1998.0
OMER,2009.0
FIVN,2014.0
BX,2007.0
RTRX,2012.0
ATRC,2005.0
FTHI,2014.0
HEP,2004.0
NNY,1987.0
RIOT,2003.0
HES,1969.0
ATRI,1962.0
YORW,1981.0
SLIM,2016.0
LOCO,2014.0
ATRO,1979.0
EMAN,1999.0
NAC,1999.0
FPXI,2014.0
KRO,2003.0
HEB,1995.0
NDP,2012.0
BCPC,1981.0
KRA,2009.0
KOSS,1972.0
HEI,1962.0
TISA,1996.0
EARN,2013.0
ATHX,2007.0
HA,1995.0
NAOV,2015.0
NEWS,2006.0
TISI,1980.0
SFBS,2014.0
WAAS,2016.0
MLNX,2007.0
CADC,2008.0
FFKT,1986.0
MBFI,1995.0
PPIH,1989.0
SFBC,2010.0
BJZ,2002.0
EARS,2014.0
WVVI,1994.0
EIP,2003.0
HYB,1988.0
ARCW,2013.0
BCLI,2009.0
AUMN,1997.0
HYH,2014.0
EIX,1951.0
NOAH,2010.0
AKBA,2014.0
WSM,1983.0
WSO,1961.0
RCS,1994.0
RCL,1993.0
ICBK,2015.0
SVM,2003.0
HYT,2003.0
RCI,1960.0
ARCB,1968.0
ARCC,2004.0
EVBG,2016.0
RCG,1996.0
ARCH,1988.0
ARCI,1991.0
EIO,2003.0
NXP,1992.0
FRPT,2014.0
FAX,1986.0
KGJI,2009.0
ENDP,2000.0
NTLA,2016.0
EMITF,1996.0
INN,2011.0
INO,1995.0
ROCK,1993.0
FAB,2007.0
FAC,1971.0
IMRN,2016.0
SINA,2000.0
FRPH,1986.0
PDLI,1992.0
FAD,2007.0
TERP,2014.0
LMOS,2011.0
GOOD,2003.0
ADRU,2005.0
MS,1986.0
LVS,2004.0
FDBC,2010.0
CNMD,1987.0
VECO,1962.0
RING,2012.0
RMAX,2013.0
MDRX,2008.0
SFLY,2006.0
RVSB,1993.0
VKI,1994.0
SPOK,1992.0
RVLT,1994.0
OCUL,2014.0
DFP,2013.0
ICPT,2012.0
EGHT,1997.0
PDBC,2014.0
ADRO,2015.0
MMYT,2010.0
MNTA,2004.0
NDAQ,2002.0
PINC,2014.0
MPAA,1994.0
MIDD,1987.0
VSLR,2014.0
SOFO,1998.0
MX,2011.0
EVY,1999.0
NXEO,2014.0
IZEA,2011.0
SBLK,2005.0
BIIB,1991.0
UTHR,1999.0
EQGP,2015.0
JVA,2005.0
ANIK,1993.0
GENE,2005.0
CCU,1992.0
FRBK,1988.0
WYN,2006.0
CCS,2014.0
AGTC,2014.0
AAXN,2001.0
CCL,1987.0
CCO,2005.0
CCI,1998.0
STO,2001.0
CCK,1950.0
BNED,2015.0
CCE,1986.0
CIZN,1999.0
OFED,2011.0
CCF,1976.0
FWP,2014.0
OCIP,2013.0
CCC,1987.0
JASN,2013.0
PII,1987.0
LOGM,2009.0
PIM,1988.0
CHMI,2013.0
CHMG,2007.0
BKCC,2007.0
MHN,1997.0
PIE,2008.0
FWONA,2016.0
CHMA,2015.0
MYI,1992.0
TURN,2000.0
PIZ,2008.0
MYJ,1992.0
MYL,1973.0
MYN,1992.0
UIHC,2007.0
PIR,1980.0
NXJ,2001.0
MYE,1971.0
SPXC,1950.0
FLIC,1987.0
MYF,1992.0
SYKE,1996.0
CQH,2013.0
CETX,2012.0
WMS,2014.0
SCCO,1996.0
BF.B,1950.0
IRTC,2016.0
PEIX,2005.0
JJSF,1986.0
WMK,1966.0
MRCC,2012.0
MOMO,2014.0
UAA,2005.0
WAC,2009.0
WMB,1958.0
NAN,1999.0
CQP,2007.0
SKOR,2014.0
VCYT,2013.0
NXST,2003.0
ON,2000.0
BCH,2002.0
ALEX,2012.0
OI,1950.0
UBS,2000.0
CDXS,2010.0
OC,1952.0
KNOP,2013.0
OA,1990.0
NTRS,1963.0
VIV,1998.0
MMV,1999.0
AKTS,2015.0
UBA,1970.0
WAB,1995.0
AKTX,2015.0
CDXC,2009.0
TWOU,2014.0
NLST,2006.0
NTRA,2015.0
AUDC,1999.0
DEX,2007.0
COUP,2016.0
INOV,2015.0
HUNT,2016.0
SMI,2004.0
KANG,2014.0
CHCO,1987.0
CHCI,2004.0
CHCT,2015.0
SMG,1992.0
BYBK,2013.0
DEL,1996.0
STK,2009.0
FI,2013.0
DEA,2015.0
DGLY,2005.0
SBBP,2015.0
NWT,1969.0
AMH,2013.0
SSFN,2004.0
CVLT,2006.0
LILA,2015.0
TYHT,2016.0
AMN,2001.0
GLT,1962.0
PCTI,1999.0
FKO,2011.0
AME,1950.0
AMD,1972.0
CVLY,1995.0
EPAM,2012.0
NWE,1958.0
LOPE,2008.0
NSTM,1971.0
ACIA,2016.0
CIU,2007.0
NWL,1972.0
AMP,2005.0
NWN,1958.0
SWIR,2000.0
AMT,1998.0
NSTG,2013.0
LRCX,1984.0
KIRK,2002.0
UPL,2001.0
UPLD,2014.0
GGT,1994.0
KBWR,2011.0
RBS,1999.0
GBAB,2010.0
CFFN,1999.0
CFFI,1999.0
O,1994.0
ST,2010.0
PRAH,2014.0
MVIS,1996.0
SNHY,1997.0
WDAY,2012.0
UPS,1999.0
CVBF,1983.0
ZAIS,2015.0
NVTA,2015.0
AHGP,2006.0
IVC,1984.0
ANGO,2004.0
IVH,2013.0
NHF,2006.0
REED,2006.0
BVN,1996.0
ERA,2013.0
NVTR,2016.0
NATR,1979.0
HTLD,1986.0
HTLF,2000.0
PRAN,2003.0
EXD,2010.0
ENRJ,2007.0
IVZ,1995.0
NEN,1987.0
NEO,1999.0
NEM,1961.0
KOPN,1992.0
NSPR,2011.0
PAVM,2016.0
RGEN,1986.0
VBIV,2015.0
NEE,1951.0
ACN,2001.0
ACM,2007.0
NEA,2003.0
ACP,2011.0
GLBZ,1999.0
ACU,1970.0
SGLB,2011.0
NEV,2009.0
ULTA,2007.0
HFC,1960.0
NEU,1955.0
JCTCF,1996.0
NEP,2014.0
BKD,2005.0
BKE,1992.0
ETSY,2015.0
SALM,1999.0
ILG,2008.0
MGCD,1988.0
BKN,1993.0
BKH,1958.0
WABC,1977.0
BKJ,2008.0
SOHU,2000.0
BKT,1988.0
BKU,2011.0
POWI,1997.0
LSCC,1989.0
ADC,1994.0
BKS,1993.0
QBAK,2000.0
CYRX,2007.0
SALT,2013.0
FONE,2011.0
LAWS,1971.0
GSIT,2007.0
FFHL,2006.0
GLUU,2007.0
SANW,2010.0
PSCU,2010.0
SJR,1984.0
BBBY,1992.0
SJW,1968.0
SJT,1981.0
APWC,1997.0
ESSA,2007.0
GGM,2013.0
ACHN,2006.0
PRTA,2012.0
CPHC,1994.0
SJM,1960.0
GILT,1993.0
PRTK,2014.0
TVPT,2014.0
PRTO,2014.0
ACHC,2011.0
GDP,1971.0
MED,1993.0
MEG,1994.0
GDS,2016.0
DXTR,2006.0
KEQU,1969.0
GDV,2004.0
REIS,1997.0
JRO,2005.0
MEN,1989.0
MEI,1967.0
LLL,1998.0
IID,2007.0
EBAY,1998.0
JSYN,2016.0
SSTK,2012.0
JRS,2002.0
BOOM,1979.0
MES,2008.0
GDI,1994.0
MDWD,2014.0
GDL,2007.0
AMOT,1980.0
CPLP,2007.0
EMCF,2007.0
GOLF,2016.0
VWOB,2013.0
HRZN,2010.0
SPNS,1992.0
TCBI,2003.0
MLCO,2006.0
CPLA,2006.0
DERM,2014.0
VRSN,1998.0
VHI,1986.0
PDCO,1992.0
EFR,2004.0
ELLO,1995.0
PDCE,1978.0
FLC,2003.0
SPNE,2015.0
SKYY,2011.0
TXN,1953.0
AFAM,1986.0
TX,2006.0
TY,1983.0
TV,1993.0
SBOW,1981.0
SBOT,2012.0
TU,1960.0
TR,1950.0
TS,2002.0
SMBC,1994.0
VLY,1987.0
TDOC,2015.0
TM,1982.0
TSU,1998.0
TK,1995.0
QSII,1982.0
TI,2001.0
CDTI,2010.0
TG,1989.0
TD,1983.0
TXT,1950.0
TSG,2010.0
HIMX,2006.0
TA,2007.0
AA,2016.0
AC,2015.0
AB,1988.0
AE,1975.0
TNP,2002.0
AG,2005.0
AI,1997.0
ATOS,2012.0
GVA,1990.0
AM,2014.0
AL,2011.0
AN,1981.0
TSRI,1978.0
AP,1960.0
AR,2013.0
AU,1989.0
DELT,2015.0
TNC,1969.0
ATOM,2016.0
MPVD,1994.0
GVP,1995.0
BOE,2005.0
TNH,1991.0
TNK,2007.0
HHS,1993.0
ARLZ,2000.0
NKE,1980.0
NKG,2002.0
ARLP,1999.0
OMN,1999.0
HHC,2010.0
TOWR,2010.0
KGC,1982.0
MVC,2001.0
PBF,2012.0
BHBK,2014.0
NKX,2003.0
VSAR,2014.0
CPK,1977.0
SKLN,2011.0
EKSO,2014.0
CPN,1996.0
IBUY,2016.0
ACH,2001.0
CPA,2005.0
CPB,1955.0
CWAY,2014.0
CPE,1988.0
CPF,1986.0
CPG,2001.0
WLH,1991.0
CBPO,2007.0
WLK,2004.0
AMZN,1997.0
FALN,2016.0
SBAC,1999.0
WLA,1956.0
WLB,1964.0
CPS,2010.0
CPT,1993.0
TRPX,2016.0
EFSC,2001.0
ROX,2006.0
TWNK,2015.0
MANT,2002.0
ENTG,2000.0
ALDX,2014.0
ALDW,2012.0
CVCY,2001.0
WFBI,2010.0
OSK,1985.0
OESX,2007.0
WHLM,1996.0
DMPI,2013.0
UAL,1950.0
PAY,2005.0
MANH,1998.0
UAE,2014.0
DGRW,2013.0
VOYA,2013.0
WRD,2016.0
WRE,1972.0
EHR,1965.0
PWR,1998.0
ALO,2007.0
MATR,2000.0
KTEC,1993.0
TAYD,1980.0
HZN,2015.0
DYSL,1981.0
WRK,1994.0
WRI,1985.0
P,2011.0
GLPG,2014.0
EHIC,2014.0
BECN,2004.0
SRCL,1996.0
TGEN,2014.0
DORM,1991.0
GLPI,2013.0
PRKR,1993.0
ALK,1960.0
OTIC,2014.0
AREX,2007.0
HFBL,2009.0
ICCC,1987.0
CVCO,1979.0
FOXA,1986.0
WTEL,1999.0
FOXF,2013.0
ROBO,2013.0
BGSF,2014.0
OTIV,2002.0
LAZ,2005.0
ALG,1993.0
FFG,1996.0
FFC,2003.0
LAQ,1990.0
TOWN,2005.0
CLNS,2009.0
CMPR,2005.0
PLPC,1995.0
CSWI,2015.0
CODA,2007.0
SEAS,2013.0
PSX,2012.0
WHLR,2012.0
CSWC,1982.0
EYES,2014.0
DTE,1951.0
CODI,2006.0
WMGI,2001.0
BLVD,2015.0
SPIL,1998.0
MMS,1997.0
WLTW,2001.0
SEAC,1996.0
CNIT,2006.0
DRYS,2005.0
AAWW,1995.0
KOS,2011.0
ELEC,2015.0
PNQI,2008.0
BDC,1993.0
ITRI,1993.0
CYOU,2009.0
NUW,2009.0
ANFI,2012.0
CKX,1994.0
ADMP,2009.0
NYRT,2014.0
JMBA,2005.0
AXL,1999.0
VTWO,2010.0
TKAT,2015.0
VRML,2000.0
FTS,1987.0
FTR,2000.0
AVIR,2013.0
ALX,1968.0
FTW,2012.0
FTV,2016.0
BNFT,2013.0
SNES,2016.0
DHF,1998.0
ELSE,1981.0
TEGP,2015.0
EGOV,1999.0
CAFD,2015.0
IGD,2005.0
UDBI,2015.0
IMAX,1994.0
LHCG,2005.0
FTF,2003.0
FTI,2001.0
IRWD,2010.0
JW.A,1965.0
BDJ,2005.0
IGI,2009.0
BLFS,1989.0
CBB,1960.0
CBA,2013.0
CBF,2012.0
CBG,2004.0
RADA,1985.0
MTLS,2014.0
CBK,1992.0
SBSI,1999.0
EURN,2011.0
PJC,1979.0
CBM,1987.0
CHT,2003.0
CBS,1970.0
MXL,2010.0
GWRS,2010.0
QUIK,1999.0
CBT,1964.0
CBU,1985.0
MXF,1982.0
PJT,2015.0
MXE,1990.0
MXC,1981.0
NUAN,1995.0
GIMO,2013.0
FR,1994.0
FT,1988.0
IPHI,2010.0
CROX,2006.0
TICC,2003.0
ACIW,1995.0
AMSC,1991.0
ACIU,2016.0
PMT,2009.0
HAIN,1994.0
MSFG,1992.0
SMP,1961.0
MGRC,1984.0
SMM,2012.0
FC,1992.0
ADRA,2004.0
FE,1951.0
POLA,2016.0
FH,2012.0
CYAN,1986.0
BZM,2002.0
AWP,2007.0
FL,1950.0
MSFT,1986.0
BZH,1994.0
JSD,2011.0
MDVX,2014.0
GNE,2012.0
GGP,1993.0
NNDM,2015.0
VLRS,2013.0
MDC,1980.0
NGHC,2014.0
MJCO,2015.0
NQ,2011.0
GGZ,2015.0
ASPU,2012.0
GGG,1969.0
NATH,1969.0
DXJS,2013.0
MBVX,2014.0
MDR,1955.0
RPXC,2011.0
MDP,1950.0
GGN,2005.0
E,1995.0
MDT,1962.0
MDU,1951.0
FBIO,2011.0
JEQ,1992.0
MVT,1993.0
BASI,1997.0
CCIH,2010.0
SITO,2002.0
ACWI,2008.0
ESNC,2007.0
CHW,2007.0
REFR,1986.0
RUBI,2014.0
ESBK,1986.0
DFS,2007.0
JEC,1971.0
ILMN,2000.0
IDSA,1995.0
GRVY,2005.0
XNET,2014.0
MVF,1988.0
AWF,1993.0
ACWX,2008.0
PZG,2005.0
VDTH,2015.0
TLP,2005.0
ALN,2006.0
NTX,1991.0
ALL,1993.0
NTZ,1993.0
KNDI,2007.0
MARA,2012.0
CDCO,1972.0
PAGP,2013.0
NTP,1988.0
ALE,1951.0
ALB,1994.0
UEPS,2003.0
MARK,2007.0
ACRX,2011.0
UGP,1999.0
NTL,1998.0
MXWL,1983.0
NTN,1991.0
ALV,1997.0
NTC,1994.0
NTB,2016.0
VTWG,2010.0
LYTS,1985.0
WMIH,2012.0
USAK,1992.0
OEC,2014.0
ADBE,1986.0
DECK,1993.0
USAC,2013.0
SSW,2005.0
MITT,2011.0
ERC,2003.0
ADRE,2005.0
MYOV,2016.0
TOT,1991.0
YY,2012.0
KIQ,2014.0
MITL,2010.0
WUBA,2013.0
MITK,1987.0
TOL,1986.0
KOP,2006.0
USAS,2004.0
DRRX,2000.0
XPLR,1999.0
USAP,1994.0
EPZM,2013.0
OMNT,2010.0
HBIO,2000.0
USAT,2001.0
BVSN,1996.0
CIX,1998.0
KFS,1995.0
NHC,1983.0
HIW,1994.0
ATNM,2012.0
BELFB,1983.0
ADRD,2005.0
TSRO,2012.0
NHI,1991.0
HSGX,2014.0
KFY,1999.0
EXEL,2000.0
VNET,2011.0
HIE,2014.0
NHS,2003.0
HIG,1995.0
SILC,1994.0
HII,2011.0
WVFC,1993.0
SBI,1992.0
HIL,2006.0
FVE,2001.0
RTNB,2008.0
HIO,1994.0
NSYS,1984.0
VLGEA,1966.0
ABC,1995.0
FTNT,2009.0
ABE,1994.0
BANR,1995.0
HGV,2016.0
HGT,1999.0
PCYO,1979.0
ASCMA,2008.0
ABM,1962.0
SRC,2004.0
Q,2013.0
XOG,2016.0
EMI,1999.0
BANF,1993.0
ABT,1950.0
NZF,2002.0
BANC,2002.0
CMLS,1998.0
ABX,1983.0
ABY,2014.0
KTF,1988.0
XOM,1950.0
CZFC,2001.0
IDSY,1999.0
BHK,2002.0
SSP,1988.0
ISSC,2000.0
FHK,2012.0
BAS,2005.0
VNTV,2012.0
RECN,2000.0
OTTR,1958.0
SAMG,2013.0
CRAY,1995.0
OTTW,2005.0
SMBK,2015.0
HIX,1999.0
AVH,2013.0
VALX,2014.0
HTY,2008.0
BHP,1982.0
LSBK,2006.0
PRCP,1992.0
CRAI,1998.0
BHV,2002.0
SPR,2006.0
EGY,1993.0
GOOGL,2004.0
BAP,1995.0
RAND,1982.0
ATNI,1991.0
EGP,1972.0
FTRI,2010.0
XONE,2013.0
NYNY,1993.0
EGI,2003.0
ESXB,2006.0
EGO,1995.0
EGN,1953.0
EGL,2012.0
CLIR,2012.0
BGY,2007.0
EGF,2005.0
CABO,2015.0
BEBE,1998.0
RAD,1968.0
WEX,2005.0
IIPR,2016.0
IPDN,2013.0
EWZS,2010.0
LBY,1993.0
FCAN,2012.0
LEJU,2014.0
FGP,1995.0
SMIT,1993.0
FGL,2013.0
FGM,2012.0
RAS,1998.0
EXTN,2015.0
BGX,2011.0
GLOW,1995.0
NTEC,2015.0
FGB,2007.0
SPSC,2010.0
QUMU,1992.0
EVRI,2005.0
LPX,1972.0
SHEN,1995.0
AMC,2013.0
LPT,1994.0
PFGC,1993.0
RVNC,2014.0
BFS,1993.0
BFR,1993.0
CRSP,2016.0
LPL,2004.0
RMCF,1986.0
SENS,2015.0
LPI,2011.0
LADR,2014.0
LPG,2014.0
BFZ,2001.0
BFY,2003.0
SFNC,1985.0
FTC,2007.0
TYL,1966.0
MPCT,2016.0
MDCA,1993.0
XGTI,2011.0
BWEN,2006.0
OZRK,1997.0
VII,1976.0
CANF,2012.0
TYC,1965.0
GLBL,2015.0
EVG,2005.0
JSMD,2016.0
GURE,1992.0
ROST,1985.0
IRDM,2009.0
MMAC,1996.0
SGB,1999.0
IFV,2014.0
DPLO,2014.0
STAR,1989.0
OCN,1996.0
NYCB,1993.0
OCC,1996.0
HCHC,1996.0
HMLP,2014.0
IMOS,2016.0
STAY,2013.0
STAF,2013.0
OCX,2015.0
IFF,1961.0
PCYG,2000.0
IHT,1972.0
STAA,1984.0
FUN,1987.0
FUL,1968.0
NVIV,2010.0
CEG,1951.0
CEF,2000.0
CEE,1990.0
MTFB,2016.0
CHSP,2010.0
PKW,2006.0
QIWI,2013.0
CEO,2001.0
CEN,2013.0
PKX,1994.0
ABG,2002.0
FLOW,2015.0
CEI,2006.0
CEV,1999.0
CET,1982.0
PKG,2000.0
PKD,1969.0
CCUR,1984.0
PKI,1960.0
CEZ,2016.0
CVTI,1994.0
ASML,1995.0
SYMC,1989.0
IBTX,2013.0
ACBI,2015.0
BICK,2010.0
VJET,2013.0
NEON,2007.0
CSF,2014.0
CSA,2015.0
CRME,1999.0
WOR,1972.0
IRBT,2005.0
LUNA,2006.0
NK,2015.0
SUMR,2007.0
JACK,1987.0
SITE,2016.0
NVRO,2014.0
CSU,1997.0
DWTR,2015.0
BKSC,1986.0
CSQ,2005.0
CSS,1978.0
NM,2005.0
VOXX,1987.0
EOD,2007.0
TCPC,2012.0
NEOS,2015.0
VOC,2011.0
WIFI,2011.0
XOXO,1999.0
ABR,2004.0
ALGT,2006.0
TUSA,2006.0
AGYS,1971.0
RBIO,1993.0
IHD,2011.0
PRN,2006.0
DTRM,2000.0
YPF,1993.0
ARWR,1993.0
MSG,2015.0
ESCA,1978.0
ACXM,1984.0
NC,1956.0
GRAM,2011.0
MUS,1998.0
MUR,1957.0
CYAD,2015.0
PBMD,2012.0
MUX,1980.0
HFBC,1999.0
XLRN,2013.0
XON,2013.0
NWBI,1994.0
MUA,1994.0
BIOL,1991.0
MUC,1998.0
JOBS,2004.0
FTEO,2013.0
JBL,1993.0
MUI,2003.0
MUH,1998.0
BABY,2001.0
MSDI,2016.0
ASR,2001.0
SNDE,2016.0
HYGS,2000.0
CMCM,2014.0
CMCL,1987.0
CMCO,1996.0
FCSC,2000.0
NUV,1987.0
LRAD,1996.0
CERC,2015.0
NUS,1996.0
MASI,2007.0
ASC,2013.0
ASB,1987.0
ASA,1966.0
NUM,1991.0
ASG,1986.0
DGX,1996.0
ASH,1950.0
CMCT,2014.0
ASM,1982.0
SNDX,2016.0
UNP,1962.0
TGS,1994.0
DUK,1951.0
UNT,1979.0
CDTX,2015.0
PAM,2007.0
CSTM,2013.0
QCRH,1993.0
DUC,1993.0
KMF,2010.0
MTSL,1997.0
SKX,1999.0
PML,2002.0
UNB,1999.0
FSTR,1981.0
MTOR,1997.0
UNF,1983.0
SIEB,1964.0
UNH,1984.0
RMGN,2011.0
FNWB,2015.0
UNM,1986.0
GBCI,1984.0
OMC,1964.0
KB,1999.0
NS,2001.0
VIVE,2014.0
OMF,2013.0
DMB,2013.0
ITI,1981.0
INOD,1993.0
ITG,1994.0
OMI,1973.0
KO,1950.0
VRNS,2014.0
VIVO,1986.0
KL,2002.0
KS,2005.0
KR,1950.0
ALNY,2004.0
KW,1992.0
VSTO,2015.0
ANET,2014.0
KT,1999.0
GSV,2010.0
ITW,1962.0
ITT,1950.0
FPA,2011.0
EGLE,2005.0
OXLC,2011.0
CTAS,1983.0
BHB,1995.0
CSLT,2014.0
AAC,2011.0
WKHS,2010.0
BOMN,2016.0
AAL,1950.0
FHY,2006.0
AAN,1982.0
SSRM,1995.0
LODE,2003.0
AAU,1994.0
TIER,2014.0
AAV,1998.0
CRVL,1991.0
AAP,2001.0
HSTM,2000.0
PATI,2015.0
FB,2012.0
PATK,1978.0
CUR,2006.0
BIO,1974.0
JOUT,1987.0
CYTK,2004.0
RM,2012.0
PTLA,2013.0
AMDA,2014.0
NCI,1996.0
BIF,1982.0
BIG,1985.0
BID,1988.0
BIB,2010.0
MGEE,1958.0
PTGX,2016.0
EPM,1996.0
SAND,2011.0
KWR,1972.0
TTPH,2013.0
GBX,1994.0
BIT,2013.0
SANM,1993.0
HOME,2016.0
TIPT,2007.0
TRIL,2011.0
BUFF,2015.0
CYBR,2014.0
MYOS,2009.0
HOLX,1990.0
COR,2010.0
AABA,1996.0
RPAI,2012.0
SLP,1997.0
CRNT,2000.0
CJ,2011.0
NTIP,1998.0
SLM,2014.0
TQQQ,2010.0
PSCT,2010.0
HOLI,2006.0
CYBE,1987.0
WEB,2005.0
SLF,2000.0
SLG,1997.0
NCB,2009.0
SLB,1958.0
MCO,2000.0
MCN,2005.0
UCFC,1998.0
GFY,2005.0
JPM,1959.0
MCI,1982.0
DRAD,2004.0
MCF,1998.0
SPKE,2014.0
MCD,1965.0
MCC,2011.0
EBMT,2008.0
MCA,1992.0
QLC,2015.0
USPH,1992.0
BUR,2007.0
SOXX,2002.0
GFI,1990.0
GFN,2006.0
PKOH,1968.0
GSAT,2006.0
JPS,2003.0
CATM,2007.0
MCS,1972.0
MCR,1989.0
MBUU,2014.0
EXG,2007.0
BGB,2012.0
BGC,1992.0
COT,1987.0
EXC,1951.0
BSTC,1991.0
BGG,1950.0
BGH,2012.0
BGI,2005.0
MUSA,2013.0
CNNX,2014.0
RMBS,1997.0
TCS,2013.0
REI,2010.0
BGR,2005.0
BGS,2004.0
EXR,2004.0
EXP,1994.0
CNTY,1993.0
IOSP,1998.0
CHTR,1999.0
KRC,1997.0
ALLT,2006.0
ARAY,2007.0
FTD,2005.0
AVXS,2016.0
VNDA,2006.0
DNOW,2014.0
VNO,1960.0
DEPO,1997.0
PWOD,1999.0
ONDK,2014.0
PICO,1993.0
MFIN,1996.0
FEX,2007.0
NAT,1997.0
MIC,2004.0
MYRG,2008.0
DLPH,1999.0
AVXL,2012.0
SQNS,2011.0
GPL,2004.0
GPM,2005.0
CETV,1994.0
SONC,1991.0
GPI,1997.0
GPK,1992.0
KSTN,1985.0
ADMA,2013.0
THQ,2014.0
GPC,1962.0
THO,1984.0
TCF,1986.0
THM,2004.0
SONS,2000.0
GPX,1968.0
NAII,1987.0
TMHC,2013.0
THG,1995.0
XLNX,1990.0
THC,1969.0
GPS,1976.0
INSY,2011.0
EPAY,1999.0
EEFT,1997.0
KODK,1950.0
NIM,1992.0
KMPR,1990.0
PSCI,2010.0
ITEQ,2015.0
NID,2013.0
GEN,2015.0
KMPH,2015.0
ISTR,2014.0
KIO,2013.0
KIN,2013.0
KIM,1991.0
ITEK,2015.0
EVAR,2014.0
SKM,1996.0
NIQ,2013.0
BHE,1990.0
LTBR,2007.0
CRR,1996.0
CRS,1950.0
SYNL,1964.0
MIII,2016.0
AFMD,2014.0
AGNC,2008.0
MZOR,2013.0
CRY,1993.0
EGRX,2014.0
HF,2007.0
SYNA,2002.0
CRC,2014.0
FDS,1996.0
CRF,1982.0
LWAY,1988.0
FDX,1978.0
CRH,1989.0
CRI,2003.0
CRL,2000.0
CRM,2004.0
PNFP,2001.0
WNC,1991.0
TSEM,1994.0
PQ,1992.0
PW,1977.0
FANG,2012.0
PGEM,2013.0
ABMD,1987.0
IBKC,1995.0
AUO,2002.0
GLDD,2006.0
PLUS,1996.0
PB,1998.0
DDS,1969.0
DRIO,2013.0
WIT,2000.0
PF,2013.0
AEGN,1981.0
PE,2014.0
BAK,1998.0
PK,2016.0
PH,1950.0
PI,2016.0
PN,2015.0
MDLZ,2001.0
EFX,1964.0
AKER,2014.0
LINU,2010.0
MHE,1993.0
RGS,1983.0
QURE,2014.0
MKSI,1999.0
FTSM,2014.0
FTSL,2013.0
APTO,1993.0
APTS,2011.0
S,1962.0
KTCC,1983.0
QCOM,1991.0
BAH,2010.0
DRNA,2014.0
WTT,1991.0
CSGP,1998.0
EPC,2000.0
EFF,2013.0
FBR,1997.0
CNXC,2015.0
EGAN,2000.0
RMTI,1998.0
PSCM,2010.0
RNN,2006.0
IPGP,2006.0
FNF,2005.0
STRS,1992.0
GYRO,1973.0
STRP,2013.0
RNG,2013.0
OPY,1986.0
EVGN,2013.0
STRT,1995.0
MPB,1999.0
FRSH,2014.0
OPB,2014.0
STRL,1966.0
CLMT,2006.0
RNR,1995.0
STRA,1996.0
NTCT,1999.0
KBSF,2012.0
APT,1998.0
LCI,1999.0
ABCD,2009.0
CMTL,1972.0
DVN,1988.0
NDLS,2013.0
CMRX,2013.0
CIB,1995.0
WDFC,1973.0
DVD,1996.0
CERS,1997.0
DVA,1995.0
PEGA,1996.0
GECC,2016.0
IUSB,2014.0
FNHC,1998.0
DVY,2003.0
UMC,2000.0
GBDC,2010.0
CMRE,2010.0
PNTR,1994.0
UMH,1985.0
PSCC,2010.0
VTA,2007.0
OLD,2016.0
AZN,1993.0
RE,1995.0
ANDE,1996.0
CID,2015.0
ANDA,2015.0
OLN,1954.0
OLP,1983.0
RFDI,2016.0
RYAAY,1997.0
MHI,2003.0
DDE,2002.0
ELGX,1996.0
JKHY,1985.0
SNFCA,1987.0
ANDV,1966.0
HAYN,2004.0
RA,2016.0
IEX,1989.0
OCLR,2000.0
IMGN,1989.0
MCHI,2011.0
IEP,1987.0
IRET,1997.0
OBE,1993.0
FRED,1992.0
THS,2005.0
NVEE,2013.0
NVEC,1995.0
DSW,1991.0
RARX,2016.0
BLDR,2005.0
VGLT,2009.0
IEC,1978.0
CIL,2015.0
HCKT,1998.0
SMTC,1968.0
CHRW,1997.0
CDE,1979.0
PLT,1968.0
MRNS,2014.0
JLS,2009.0
CDC,2014.0
CDL,2015.0
NNVC,2008.0
CEQP,2005.0
LIQT,2011.0
CCRN,2001.0
CDK,2015.0
SBUX,1992.0
MOS,2004.0
PSCH,2010.0
CDW,1993.0
MORN,2005.0
CDR,1986.0
PSC,2016.0
AXU,2006.0
HTHT,2010.0
ASND,2015.0
UFPI,1993.0
VCLT,2009.0
CMCSA,1974.0
ASNA,1983.0
SRNE,2009.0
MNTL,1960.0
CBMG,2012.0
PRSS,2012.0
BXP,1997.0
BXS,1985.0
CIT,2002.0
XIN,2007.0
JRJC,2004.0
VRAY,2015.0
OPHT,2013.0
WASH,1987.0
SRET,2015.0
TBNK,2009.0
TLGT,1981.0
CIZ,2014.0
CBMX,2002.0
DVMT,1988.0
BXC,2004.0
JRJR,2012.0
RDVY,2014.0
CYCC,2006.0
PPC,1986.0
MCHX,2004.0
NGVT,2016.0
PPG,1950.0
MBI,1987.0
CCXI,2012.0
HYND,2013.0
ETV,2005.0
NRIM,1990.0
CIEN,1997.0
JQC,2003.0
AMBR,2014.0
SON,1962.0
CNOB,1998.0
GAM,1982.0
MBTF,2000.0
ASRV,1985.0
MSA,1970.0
PPT,1988.0
MBT,2000.0
EXAC,1996.0
TZOO,2002.0
AMBA,2012.0
AMBC,1991.0
MTZ,1968.0
MTX,1992.0
OAS,2010.0
JCP,1950.0
GRPN,2011.0
IFEU,2007.0
JCS,1981.0
MTR,1980.0
AUTO,1999.0
NETE,2009.0
IBOC,1995.0
GIGM,2000.0
MTW,1972.0
MTT,2009.0
MTU,2001.0
HYXE,2016.0
MCHP,1993.0
MTH,1988.0
PSCE,2010.0
SIVB,1987.0
MTL,2004.0
JLL,1997.0
MTB,1963.0
FSIC,2014.0
TPH,2014.0
JCI,1950.0
MTD,1997.0
BRID,1966.0
TCMD,2016.0
FCRE,2011.0
THR,2011.0
ARW,1962.0
GKOS,2015.0
MSF,1991.0
CSCO,1990.0
KBWP,2010.0
REPH,2014.0
ARA,2016.0
LMFA,2015.0
ARC,2005.0
ARE,1997.0
CFMS,2015.0
ARI,2009.0
SNGX,1987.0
ARL,1981.0
SGYP,2007.0
TNXP,2011.0
KMG,1997.0
GSS,1988.0
USCR,1999.0
CPSH,1987.0
BA,1950.0
BB,1997.0
BC,1950.0
BL,2016.0
BBNK,2001.0
BH,1967.0
CRVS,2016.0
AAXJ,2008.0
BK,1969.0
BT,1984.0
BORN,2010.0
BV,2012.0
BW,2015.0
BP,1950.0
BR,2007.0
TIK,2001.0
CPST,2000.0
GSH,1996.0
TIF,1987.0
BSF,1996.0
GSM,2015.0
GSL,2006.0
SCAC,2016.0
CPSS,1992.0
RLOG,2004.0
NNN,1985.0
AVID,1993.0
DBVT,2014.0
NNI,2003.0
POST,2012.0
HYZD,2013.0
TRNO,2010.0
NNC,1993.0
ATHN,2007.0
ATHM,2013.0
XBKS,2004.0
QTNA,2016.0
HSII,1999.0
EMMS,1994.0
HNH,1961.0
APEI,2007.0
KHC,1950.0
LVHD,2015.0
APEN,2016.0
HSIC,1995.0
SBNY,2004.0
NAVB,1992.0
NXQ,1992.0
SENEA,1965.0
NAVG,1986.0
NXR,1992.0
NAVI,1983.0
PSF,2010.0
TLYS,2012.0
VRNT,2002.0
ORRF,2001.0
NXE,2013.0
LGCY,2007.0
ISCA,1984.0
T,1984.0
NXC,1992.0
SSBI,2008.0
NXN,1992.0
FTLB,2014.0
LOGI,1997.0
WCFB,2016.0
VRSK,2009.0
CINF,1987.0
SCON,1993.0
TREC,1976.0
BVX,1985.0
TREE,2008.0
GSBD,2015.0
TREX,1999.0
EOI,2005.0
VBLT,2014.0
SQM,1993.0
GSBC,1989.0
SQB,1961.0
SGF,1990.0
CINR,2013.0
NTES,2000.0
BSET,1965.0
CRCM,2014.0
ROSG,2007.0
OFIX,1992.0
JCOM,1999.0
CBAN,1998.0
ETE,2006.0
EEQ,2002.0
EEP,1991.0
EOCC,1994.0
RHT,1999.0
EEI,1987.0
WPRT,1997.0
PPSI,2010.0
OSBC,1993.0
EEA,1986.0
ETH,1993.0
CNS,2004.0
FBC,1997.0
LLY,1952.0
ROK,1950.0
ROL,1961.0
NBEV,2014.0
BRK.B,1960.0
ICFI,2006.0
IDRA,1996.0
ATLC,1999.0
ICL,2009.0
ROG,1960.0
OSI,1991.0
UBIO,2016.0
TEVA,1985.0
WMLP,2010.0
KINS,1978.0
FPL,2014.0
ROP,1992.0
FRTA,2016.0
OSB,1987.0
OSG,1970.0
YTEN,2006.0
VEON,1996.0
BHAC,2015.0
DHIL,1998.0
BDL,1970.0
BDN,1986.0
BERY,2012.0
BDK,1950.0
LABL,1987.0
KMX,1997.0
CPAH,2007.0
ICE,2005.0
BDR,1995.0
CPAC,2012.0
CRUS,1989.0
BDX,1961.0
ECPG,1999.0
VOD,1988.0
VTN,1992.0
UEC,2006.0
WEA,2002.0
SDLP,2012.0
MIXT,2013.0
CSRA,2015.0
PGC,1999.0
EHI,2004.0
DWDP,1950.0
SPCB,2007.0
LRN,2008.0
UL,1962.0
MDLY,2014.0
UN,1959.0
FBIZ,2005.0
UE,2015.0
UG,1979.0
QLYS,2012.0
CNC,2001.0
MSBI,2016.0
VRX,1994.0
FOSL,1993.0
MTDR,2012.0
IDT,1996.0
NVFY,2011.0
IMDZ,2014.0
EXFO,2000.0
STOR,2014.0
IDN,1999.0
STON,2004.0
MPW,2005.0
ICHR,2016.0
ELTK,1997.0
IDE,2010.0
TEDU,2014.0
BGFV,2002.0
IDA,1951.0
CGI,1994.0
BIOC,2014.0
FFNW,2007.0
CGO,2006.0
QEP,2010.0
CGA,1990.0
MACK,2012.0
PMX,2003.0
FRAN,2011.0
FAST,1987.0
PMD,1987.0
PME,2013.0
PMF,2001.0
OMEX,2001.0
SIEN,2014.0
PMC,2007.0
CAKE,1992.0
PMM,1989.0
SKYS,2014.0
PMO,1993.0
VCSH,2009.0
YNDX,2011.0
SKYW,1986.0
NJV,2009.0
MINI,1994.0
KBWD,2010.0
SBBX,1999.0
FEN,2004.0
FEO,2007.0
FEM,2011.0
MIND,1994.0
CUZ,1974.0
FEI,2012.0
TMST,2014.0
FET,2012.0
CUB,1960.0
FEP,2011.0
OPTT,2006.0
CUO,1960.0
GTS,2007.0
CUK,2000.0
GCAP,2010.0
CUI,2009.0
EQIX,2000.0
CXDC,2008.0
QSR,2006.0
PFG,2001.0
WIA,2004.0
STAG,2011.0
WIN,2006.0
MAMS,2009.0
GDOT,2010.0
HEBT,2016.0
SEP,2007.0
MAXR,2000.0
BMRN,1999.0
SIRI,1994.0
AKR,1993.0
TATT,1987.0
ANCB,2011.0
FAAR,2016.0
WIX,2013.0
ATRA,2014.0
CIA,1982.0
AVDL,1996.0
SLNO,2014.0
CIF,1988.0
CIE,2009.0
NEWM,2014.0
CIK,1987.0
INDY,2009.0
CII,2004.0
CIO,2014.0
CIM,2007.0
CHGG,2013.0
AXON,2015.0
MSN,1971.0
MSM,1995.0
MSL,1993.0
GAIN,2005.0
SELB,2016.0
MSI,1950.0
NOG,2007.0
NEWR,2014.0
MTSC,1970.0
NGD,2001.0
MSD,1993.0
SRAX,2012.0
MSB,1972.0
NEWT,1975.0
KFFB,2005.0
DAC,2006.0
DAL,1950.0
COLB,1992.0
DAN,1950.0
CL,1950.0
MCEP,2011.0
ORCL,1986.0
BPOP,1969.0
PLSE,2016.0
BMRC,1999.0
DAR,1994.0
ERII,2008.0
MCEF,2016.0
AQN,2001.0
DAX,2014.0
PETX,2013.0
TNDM,2013.0
MDXG,2009.0
JYNT,2014.0
WPPGY,1987.0
CUBE,2004.0
MACQ,2016.0
CUBA,1994.0
CUBN,2015.0
CG,2012.0
COKE,1974.0
TWLO,2016.0
THFF,1992.0
FCCY,1999.0
SNOA,2007.0
AEZS,1995.0
ABBV,2012.0
ULH,2005.0
MOFG,2006.0
PZRX,2016.0
PLAB,1987.0
LFVN,2009.0
FCCO,2000.0
MOSY,2001.0
RCM,2010.0
BBSI,1993.0
PNRG,1974.0
IJT,2001.0
CEA,1997.0
QDEL,1981.0
PSMT,1997.0
SELF,1997.0
TROX,2005.0
ATRS,1996.0
RFEU,2016.0
ANCX,2004.0
DCT,2006.0
RFEM,2016.0
ENVA,2014.0
CEM,2010.0
EDN,2007.0
